start,end,Record your current location,_Record your current location_latitude,_Record your current location_longitude,_Record your current location_altitude,_Record your current location_precision,District,Sub-district,Village (muban),Is someone >18 present at the household?,Has the respondent consented to undertake the survey?,"Consent not given, survey ends",How long has the respondent lived in their area?,Gender,Religion,Number of adults in household,Number of children (<18) in household,"In the past 12 months, did any dogs leave your household?",How many dogs have left your household in the last 12 months?,Do you currently own any dogs? (not including street dogs you provide care for),How many dogs do you currently own?,"In the last week, have you/someone in your household offered care to a street dog?",Which types of care have you/someone in your household offered a street dog in the last week?,Which types of care have you/someone in your household offered a street dog in the last week?/Food,Which types of care have you/someone in your household offered a street dog in the last week?/Water,Which types of care have you/someone in your household offered a street dog in the last week?/Shelter,Which types of care have you/someone in your household offered a street dog in the last week?/Deworming,Which types of care have you/someone in your household offered a street dog in the last week?/Parasite control,Which types of care have you/someone in your household offered a street dog in the last week?/Vaccination,Which types of care have you/someone in your household offered a street dog in the last week?/Sterilization,Which types of care have you/someone in your household offered a street dog in the last week?/Medical Care,Which types of care have you/someone in your household offered a street dog in the last week?/Other (specify),In the last 12 months have you/someone in your household offered care to a street dog?,Which types of care have you/someone in your household offered a street dog in the last 12 months?,Which types of care have you/someone in your household offered a street dog in the last 12 months?/Food,Which types of care have you/someone in your household offered a street dog in the last 12 months?/Water,Which types of care have you/someone in your household offered a street dog in the last 12 months?/Shelter,Which types of care have you/someone in your household offered a street dog in the last 12 months?/Deworming,Which types of care have you/someone in your household offered a street dog in the last 12 months?/Parasite control,Which types of care have you/someone in your household offered a street dog in the last 12 months?/Vaccination,Which types of care have you/someone in your household offered a street dog in the last 12 months?/Sterilization,Which types of care have you/someone in your household offered a street dog in the last 12 months?/Medical Care,Which types of care have you/someone in your household offered a street dog in the last 12 months?/Other (specify),"In the last month, have you been annoyed or troubled by a dog or dogs in your neighbourhood?","If Yes, what was the annoyance?","If Yes, what was the annoyance?/Barking/Howling/Crying","If Yes, what was the annoyance?/Pee and poo","If Yes, what was the annoyance?/Make a mess of garbage","If Yes, what was the annoyance?/Attacked my pet","If Yes, what was the annoyance?/Attacked livestock","If Yes, what was the annoyance?/Damaged crops","If Yes, what was the annoyance?/Biting me or other adults","If Yes, what was the annoyance?/Biting children","If Yes, what was the annoyance?/Chasing me or others","If Yes, what was the annoyance?/Unsightly sexual behavior","If Yes, what was the annoyance?/Dog fights","If Yes, what was the annoyance?/Chase me on bike/motorbike","If Yes, what was the annoyance?/Destroy my property","If Yes, what was the annoyance?/Saw a rabid dog","If Yes, what was the annoyance?/Injured or sick dog","If Yes, what was the annoyance?/Concern for puppies","If Yes, what was the annoyance?/Other (specify)","If Yes, what was the annoyance?/Mess of garbage","If Yes, what was the annoyance?/Chasing me or others","In the past year, what problems have you encountered due to street dogs?","In the past year, what problems have you encountered due to street dogs?/Barking/Howling/Crying","In the past year, what problems have you encountered due to street dogs?/Pee and poo","In the past year, what problems have you encountered due to street dogs?/Make a mess of garbage","In the past year, what problems have you encountered due to street dogs?/Attacked my pet","In the past year, what problems have you encountered due to street dogs?/Attacked livestock","In the past year, what problems have you encountered due to street dogs?/Damaged crops","In the past year, what problems have you encountered due to street dogs?/Biting me or other adults","In the past year, what problems have you encountered due to street dogs?/Biting children","In the past year, what problems have you encountered due to street dogs?/Chasing me or others","In the past year, what problems have you encountered due to street dogs?/Unsightly sexual behavior","In the past year, what problems have you encountered due to street dogs?/Dog fights","In the past year, what problems have you encountered due to street dogs?/Chase me on bike/motorbike","In the past year, what problems have you encountered due to street dogs?/Destroy my property","In the past year, what problems have you encountered due to street dogs?/Saw a rabid dog","In the past year, what problems have you encountered due to street dogs?/Injured or sick dog","In the past year, what problems have you encountered due to street dogs?/Concern for puppies","In the past year, what problems have you encountered due to street dogs?/Other (specify)","In the past year, what problems have you encountered due to street dogs?/Mess of garbage","In the past year, what problems have you encountered due to street dogs?/Chasing me or others",Roughly how many dogs are roaming on your soi today?,What do you think about the number of dogs on your soi?,"Over the last 12 months, do you think there has been a change in the number of roaming dogs on your soi?","Thinking of the number of dogs on your soi today vs. the first COVID lockdowns (2020), which statement is most true?","Over the last 12 months, do you think there has been a change in how frequently you have been troubled by roaming dogs?",How should the roaming dog population in general be managed?,"In the past 12 months, has anyone in your household been bitten by a dog?",How many people in your household have been bitten by a dog within the last 12 months?,Which types of care have you/someone in your household offered a street dog in the last week?,Which types of care have you/someone in your household offered a street dog in the last week?/Food,Which types of care have you/someone in your household offered a street dog in the last week?/Water,Which types of care have you/someone in your household offered a street dog in the last week?/Shelter,Which types of care have you/someone in your household offered a street dog in the last week?/Deworming,Which types of care have you/someone in your household offered a street dog in the last week?/Parasite control,Which types of care have you/someone in your household offered a street dog in the last week?/Vaccination,Which types of care have you/someone in your household offered a street dog in the last week?/Sterilization,Which types of care have you/someone in your household offered a street dog in the last week?/Medical Care,Which types of care have you/someone in your household offered a street dog in the last week?/Other (specify),Which types of care have you/someone in your household offered a street dog in the last 12 months?,Which types of care have you/someone in your household offered a street dog in the last 12 months?/Food,Which types of care have you/someone in your household offered a street dog in the last 12 months?/Water,Which types of care have you/someone in your household offered a street dog in the last 12 months?/Shelter,Which types of care have you/someone in your household offered a street dog in the last 12 months?/Deworming,Which types of care have you/someone in your household offered a street dog in the last 12 months?/Parasite control,Which types of care have you/someone in your household offered a street dog in the last 12 months?/Vaccination,Which types of care have you/someone in your household offered a street dog in the last 12 months?/Sterilization,Which types of care have you/someone in your household offered a street dog in the last 12 months?/Medical Care,Which types of care have you/someone in your household offered a street dog in the last 12 months?/Other (specify),What problems have you encountered due to street dogs in the last month?,What problems have you encountered due to street dogs in the last month?/Barking/Howling/Crying,What problems have you encountered due to street dogs in the last month?/Pee and poo,What problems have you encountered due to street dogs in the last month?/Make a mess of garbage,What problems have you encountered due to street dogs in the last month?/Attacked my pet,What problems have you encountered due to street dogs in the last month?/Attacked livestock,What problems have you encountered due to street dogs in the last month?/Damaged crops,What problems have you encountered due to street dogs in the last month?/Biting me or other adults,What problems have you encountered due to street dogs in the last month?/Biting children,What problems have you encountered due to street dogs in the last month?/Chasing me or others,What problems have you encountered due to street dogs in the last month?/Unsightly sexual behavior,What problems have you encountered due to street dogs in the last month?/Dog fights,What problems have you encountered due to street dogs in the last month?/Chase me on bike/motorbike,What problems have you encountered due to street dogs in the last month?/Destroy my property,What problems have you encountered due to street dogs in the last month?/Saw a rabid dog,What problems have you encountered due to street dogs in the last month?/Injured or sick dog,What problems have you encountered due to street dogs in the last month?/Concern for puppies,What problems have you encountered due to street dogs in the last month?/Other (specify),_id,_uuid,_submission_time,_validation_status,_notes,_status,_submitted_by,__version__,_tags,_index
2025-08-15,2025-08-15,14.082578 101.080477 -12.4486083984375 5.802000045776367,14.082578,101.080477,-12.4486084,5.802000046,Ongkharak,Bang Luk Suea,Moo 4,Yes,Yes,,Since 2020 or earlier,Male,Buddhist,2,0,No,,No,,No,,,,,,,,,,,No,,,,,,,,,,,Yes,Barking/Howling/Crying Chasing me or others,1,0,0,0,0,0,0,0,0,0,0,0,0,0,0,0,0,0,1,Barking/Howling/Crying Chasing me or others,1,0,0,0,0,0,0,0,0,0,0,0,0,0,0,0,0,0,1,6,I do not accept,No change,About the same,No change,Left alone,No,,,,,,,,,,,,,,,,,,,,,,,,,,,,,,,,,,,,,,,,539540255,5e308f76-3f9f-4a65-ac9b-8c9b107ab4fd,2025-08-15,,,submitted_via_web,,vAW8NdMgcmAyapkC7bYNq5,,1
2025-08-15,2025-08-15,14.031491 101.060737 5.651817813593347 14,14.031491,101.060737,5.651817814,14,Ongkharak,Ongkharak,Moo 7,Yes,Yes,,Since 2020 or earlier,Female,Buddhist,4,0,Yes,1,Yes,2,No,,,,,,,,,,,No,,,,,,,,,,,No,,,,,,,,,,,,,,,,,,,,,Unsightly sexual behavior,0,0,0,0,0,0,0,0,0,1,0,0,0,0,0,0,0,0,0,0,Neutral,No change,About the same,No change,Sterilized and vaccinated and returned,No,,,,,,,,,,,,,,,,,,,,,,,,,,,,,,,,,,,,,,,,539541496,5459e67e-ed8a-4cb0-b8e2-065c0c7ec258,2025-08-15,,,submitted_via_web,,vAW8NdMgcmAyapkC7bYNq5,,2
2025-08-15,2025-08-15,14.082194 101.080497 -12.4486083984375 164.39999389648438,14.082194,101.080497,-12.4486084,164.3999939,Ongkharak,Bang Luk Suea,Moo 4,Yes,Yes,,Since 2020 or earlier,Male,Buddhist,4,1,Yes,2,No,,Yes,Food Water Shelter,1,1,1,0,0,0,0,0,0,Yes,Food Water Shelter,1,1,1,0,0,0,0,0,0,Yes,Barking/Howling/Crying Make a mess of garbage Attacked livestock Damaged crops Destroy my property,1,0,1,0,1,1,0,0,0,0,0,0,1,0,0,0,0,0,0,Barking/Howling/Crying Make a mess of garbage Attacked livestock Damaged crops,1,0,1,0,1,1,0,0,0,0,0,0,0,0,0,0,0,0,0,10,I am unhappy,Decreased,Fewer dogs now,Decreased,Left alone,No,,,,,,,,,,,,,,,,,,,,,,,,,,,,,,,,,,,,,,,,539541541,f66c44f7-f716-40e6-9d15-614f1f715fc0,2025-08-15,,,submitted_via_web,,vAW8NdMgcmAyapkC7bYNq5,,3
2025-08-15,2025-08-15,14.084858 101.07866 5.986247217697471 27.978401267104683,14.084858,101.07866,5.986247218,27.97840127,Ongkharak,Bang Luk Suea,Moo 3,Yes,Yes,,Since 2020 or earlier,Male,Buddhist,3,0,No,,Yes,1,No,,,,,,,,,,,No,,,,,,,,,,,Yes,Barking/Howling/Crying,1,0,0,0,0,0,0,0,0,0,0,0,0,0,0,0,0,0,0,Barking/Howling/Crying,1,0,0,0,0,0,0,0,0,0,0,0,0,0,0,0,0,0,0,3,Neutral,Decreased,Fewer dogs now,Decreased,Sterilized and vaccinated and returned,Yes,1,,,,,,,,,,,,,,,,,,,,,,,,,,,,,,,,,,,,,,,539542070,c070c739-452b-434c-b3c7-6be055b3b2ec,2025-08-15,,,submitted_via_web,,vAW8NdMgcmAyapkC7bYNq5,,4
2025-08-15,2025-08-15,14.030366 101.060419 6.285085859357544 60.026317394074,14.030366,101.060419,6.285085859,60.02631739,Ongkharak,Bang Luk Suea,Moo 7,Yes,Yes,,Since 2020 or earlier,Female,Buddhist,3,1,No,,No,,Yes,Food Water,1,1,0,0,0,0,0,0,0,Yes,Food Water,1,1,0,0,0,0,0,0,0,Yes,Barking/Howling/Crying Pee and poo Make a mess of garbage Destroy my property,1,1,1,0,0,0,0,0,0,0,0,0,1,0,0,0,0,0,0,Barking/Howling/Crying Pee and poo Make a mess of garbage Destroy my property,1,1,1,0,0,0,0,0,0,0,0,0,1,0,0,0,0,0,0,0,I am unhappy,Decreased,About the same,No change,Left alone,Yes,1,,,,,,,,,,,,,,,,,,,,,,,,,,,,,,,,,,,,,,,539543449,2f535ca0-3ec6-4604-bbf8-0c2964ffdd48,2025-08-15,,,submitted_via_web,,vAW8NdMgcmAyapkC7bYNq5,,5
2025-08-15,2025-08-15,14.074883 101.082094 -12.4486083984375 110,14.074883,101.082094,-12.4486084,110,Ongkharak,Bang Luk Suea,Moo 4,Yes,Yes,,Since 2020 or earlier,Female,Buddhist,4,0,Yes,1,Yes,1,No,,,,,,,,,,,No,,,,,,,,,,,No,,,,,,,,,,,,,,,,,,,,,,,,,,,,,,,,,,,,,,,,,0,Neutral,No change,About the same,No change,Left alone,No,,,,,,,,,,,,,,,,,,,,,,,,,,,,,,,,,,,,,,,,539543505,e9082d01-49ad-43f3-babc-d13e63a5a085,2025-08-15,,,submitted_via_web,,vAW8NdMgcmAyapkC7bYNq5,,6
2025-08-15,2025-08-15,14.032059 101.06027 6.285085859357544 30.695801425280262,14.032059,101.06027,6.285085859,30.69580143,Ongkharak,Bang Luk Suea,Moo 7,Yes,No,,,,,,,,,,,,,,,,,,,,,,,,,,,,,,,,,,,,,,,,,,,,,,,,,,,,,,,,,,,,,,,,,,,,,,,,,,,,,,,,,,,,,,,,,,,,,,,,,,,,,,,,,,,,,,,,,,,,,,,,539544065,b0e32ef8-27e2-4133-a838-5438eaa8111e,2025-08-15,,,submitted_via_web,,vAW8NdMgcmAyapkC7bYNq5,,7
2025-08-15,2025-08-15,14.074904 101.081816 6.0435791015625 3.5355339059327373,14.074904,101.081816,6.043579102,3.535533906,Ongkharak,Bang Luk Suea,Moo 4,Yes,Yes,,Since 2020 or earlier,Female,Buddhist,4,0,No,,Yes,1,Yes,Food Water Shelter Sterilization,1,1,1,0,0,0,1,0,0,Yes,Food Water Shelter Sterilization,1,1,1,0,0,0,1,0,0,No,,,,,,,,,,,,,,,,,,,,,Barking/Howling/Crying,1,0,0,0,0,0,0,0,0,0,0,0,0,0,0,0,0,0,0,5,Neutral,No change,About the same,No change,Left alone,Yes,1,,,,,,,,,,,,,,,,,,,,,,,,,,,,,,,,,,,,,,,539544235,3ff9f7e3-f40d-4c06-83b9-5278dd608051,2025-08-15,,,submitted_via_web,,vAW8NdMgcmAyapkC7bYNq5,,8
2025-08-14,2025-08-15,,,,,,Ongkharak,Bang Luk Suea,Moo 4,Yes,Yes,,Since 2020 or earlier,Male,Buddhist,5,2,No,,Yes,6,No,,,,,,,,,,,No,,,,,,,,,,,No,,,,,,,,,,,,,,,,,,,,,Chase me on bike/motorbike,0,0,0,0,0,0,0,0,0,0,0,1,0,0,0,0,0,0,0,2,Neutral,No change,About the same,No change,Left alone,Yes,1,,,,,,,,,,,,,,,,,,,,,,,,,,,,,,,,,,,,,,,539544447,be16e56d-0a3c-4755-a9b2-fdcb3e195549,2025-08-15,,,submitted_via_web,,vAW8NdMgcmAyapkC7bYNq5,,9
2025-08-15,2025-08-15,14.074894 101.082086 -12.4486083984375 164.39999389648438,14.074894,101.082086,-12.4486084,164.3999939,Ongkharak,Bang Luk Suea,Moo 4,Yes,Yes,,Since 2020 or earlier,Female,Buddhist,2,0,No,,Yes,1,No,,,,,,,,,,,No,,,,,,,,,,,Yes,Attacked livestock,0,0,0,0,1,0,0,0,0,0,0,0,0,0,0,0,0,0,0,Attacked livestock,0,0,0,0,1,0,0,0,0,0,0,0,0,0,0,0,0,0,0,10,I am unhappy,Increased,More dogs now,Increased,Left alone,No,,,,,,,,,,,,,,,,,,,,,,,,,,,,,,,,,,,,,,,,539544703,7dba175b-aad1-43bf-b14f-f192ae6b237b,2025-08-15,,,submitted_via_web,,vAW8NdMgcmAyapkC7bYNq5,,10
2025-08-15,2025-08-15,14.089512 101.07413 8.301201934814454 76.88312915539629,14.089512,101.07413,8.301201935,76.88312916,Ongkharak,Bang Luk Suea,Moo 3,Yes,Yes,,Since 2020 or earlier,Male,Buddhist,2,0,No,,Yes,1,No,,,,,,,,,,,No,,,,,,,,,,,Yes,Attacked my pet,0,0,0,1,0,0,0,0,0,0,0,0,0,0,0,0,0,0,0,Attacked my pet,0,0,0,1,0,0,0,0,0,0,0,0,0,0,0,0,0,0,0,4,I am unhappy,Decreased,More dogs now,Increased,Sterilized and vaccinated and returned,No,,,,,,,,,,,,,,,,,,,,,,,,,,,,,,,,,,,,,,,,539544742,81472466-78ab-4782-bfbf-e8a7e4f43217,2025-08-15,,,submitted_via_web,,vAW8NdMgcmAyapkC7bYNq5,,11
2025-08-15,2025-08-15,14.074748 101.081817 2.649740197658539 87.47986793523397,14.074748,101.081817,2.649740198,87.47986794,Ongkharak,Bang Luk Suea,Moo 4,Yes,Yes,,Arrived after 2020,Male,Buddhist,3,1,No,,No,,No,,,,,,,,,,,No,,,,,,,,,,,Yes,Barking/Howling/Crying Make a mess of garbage Attacked livestock,1,0,1,0,1,0,0,0,0,0,0,0,0,0,0,0,0,0,0,Barking/Howling/Crying Make a mess of garbage Attacked livestock,1,0,1,0,1,0,0,0,0,0,0,0,0,0,0,0,0,0,0,2,I do not accept,No change,About the same,No change,Left alone,No,,,,,,,,,,,,,,,,,,,,,,,,,,,,,,,,,,,,,,,,539545048,a21650df-138a-4003-b7bc-c3fb2fc168a1,2025-08-15,,,submitted_via_web,,vAW8NdMgcmAyapkC7bYNq5,,12
2025-08-15,2025-08-15,14.03216 101.05977 -23.8 30,14.03216,101.05977,-23.8,30,Ongkharak,Bang Luk Suea,Moo 7,Yes,Yes,,Since 2020 or earlier,Female,Buddhist,5,1,No,,Yes,4,No,,,,,,,,,,,No,,,,,,,,,,,No,,,,,,,,,,,,,,,,,,,,,Chasing me or others,0,0,0,0,0,0,0,0,0,0,0,0,0,0,0,0,0,0,1,0,I am happy,No change,About the same,No change,Sterilized and vaccinated and returned,No,,,,,,,,,,,,,,,,,,,,,,,,,,,,,,,,,,,,,,,,539545628,8db4667d-9aee-45d9-8f78-114625a00021,2025-08-15,,,submitted_via_web,,vAW8NdMgcmAyapkC7bYNq5,,13
2025-08-15,2025-08-15,14.033448 101.059402 4.939003422442276 4.364934995216193,14.033448,101.059402,4.939003422,4.364934995,Ongkharak,Bang Luk Suea,Moo 7,Yes,Yes,,Since 2020 or earlier,Female,Buddhist,4,2,No,,Yes,2,No,,,,,,,,,,,No,,,,,,,,,,,No,,,,,,,,,,,,,,,,,,,,,Pee and poo,0,1,0,0,0,0,0,0,0,0,0,0,0,0,0,0,0,0,0,0,Neutral,No change,About the same,No change,Left alone,No,,,,,,,,,,,,,,,,,,,,,,,,,,,,,,,,,,,,,,,,539545812,d2aa52bd-021d-40e1-8d2c-7e46b4014f79,2025-08-15,,,submitted_via_web,,vAW8NdMgcmAyapkC7bYNq5,,14
2025-08-15,2025-08-15,14.09052 101.074007 7.383369468152523 4.74865153019177,14.09052,101.074007,7.383369468,4.74865153,Ongkharak,Bang Luk Suea,Moo 3,Yes,Yes,,Since 2020 or earlier,Male,Buddhist,3,0,No,,No,,No,,,,,,,,,,,No,,,,,,,,,,,No,,,,,,,,,,,,,,,,,,,,,Barking/Howling/Crying Make a mess of garbage Chasing me or others,1,0,1,0,0,0,0,0,0,0,0,0,0,0,0,0,0,0,1,1,Neutral,No change,About the same,No change,Sterilized and vaccinated and returned,No,,,,,,,,,,,,,,,,,,,,,,,,,,,,,,,,,,,,,,,,539545828,4742920d-a140-4abb-9e49-dcebe3ef139e,2025-08-15,,,submitted_via_web,,vAW8NdMgcmAyapkC7bYNq5,,15
2025-08-15,2025-08-15,14.074857 101.080782 0 60,14.074857,101.080782,0,60,Ongkharak,Bang Luk Suea,Moo 2,Yes,Yes,,Since 2020 or earlier,Male,Buddhist,5,2,No,,No,,Yes,Food Water Shelter Vaccination Sterilization,1,1,1,0,0,1,1,0,0,Yes,Food Water Shelter Vaccination,1,1,1,0,0,1,0,0,0,No,,,,,,,,,,,,,,,,,,,,,,,,,,,,,,,,,,,,,,,,,6,I am accepting/OK,No change,About the same,No change,Sterilized and vaccinated and returned,No,,,,,,,,,,,,,,,,,,,,,,,,,,,,,,,,,,,,,,,,539547704,ef2f5556-0c19-4a12-aaa9-166f2d0296f7,2025-08-15,,,submitted_via_web,,vAW8NdMgcmAyapkC7bYNq5,,16
2025-08-15,2025-08-15,,,,,,Ongkharak,Bang Luk Suea,Moo 4,Yes,Yes,,Since 2020 or earlier,Male,Buddhist,2,1,No,,No,,No,,,,,,,,,,,No,,,,,,,,,,,No,,,,,,,,,,,,,,,,,,,,,,,,,,,,,,,,,,,,,,,,,4,I do not accept,No change,About the same,No change,Move them away,No,,,,,,,,,,,,,,,,,,,,,,,,,,,,,,,,,,,,,,,,539547734,50a45ddc-f76e-4ee0-ad60-0b1bc6dacbad,2025-08-15,,,submitted_via_web,,vAW8NdMgcmAyapkC7bYNq5,,17
2025-08-15,2025-08-15,14.091664 101.073424 6.503893840161794 33.99569631021761,14.091664,101.073424,6.50389384,33.99569631,Ongkharak,Bang Luk Suea,Moo 3,Yes,Yes,,Since 2020 or earlier,Male,Buddhist,2,0,Yes,3,No,,No,,,,,,,,,,,Yes,Parasite control Vaccination Sterilization,0,0,0,0,1,1,1,0,0,Yes,Barking/Howling/Crying Pee and poo Dog fights,1,1,0,0,0,0,0,0,0,0,1,0,0,0,0,0,0,0,0,Barking/Howling/Crying Pee and poo Dog fights,1,1,0,0,0,0,0,0,0,0,1,0,0,0,0,0,0,0,0,20,I do not accept,Increased,Fewer dogs now,Decreased,Sterilized and vaccinated and returned,No,,,,,,,,,,,,,,,,,,,,,,,,,,,,,,,,,,,,,,,,539547827,05ac6c80-e62f-45b4-afac-ff3a9b71eb94,2025-08-15,,,submitted_via_web,,vAW8NdMgcmAyapkC7bYNq5,,18
2025-08-15,2025-08-15,14.093014 101.072071 8.859992980957031 3.5355339059327373,14.093014,101.072071,8.859992981,3.535533906,Ongkharak,Bang Luk Suea,Moo 3,Yes,Yes,,Since 2020 or earlier,Female,Buddhist,5,3,No,,No,,No,,,,,,,,,,,No,,,,,,,,,,,No,,,,,,,,,,,,,,,,,,,,,Barking/Howling/Crying,1,0,0,0,0,0,0,0,0,0,0,0,0,0,0,0,0,0,0,4,I do not accept,Decreased,More dogs now,Decreased,Sterilized and vaccinated and returned,No,,,,,,,,,,,,,,,,,,,,,,,,,,,,,,,,,,,,,,,,539547869,02e49cac-417e-4711-a77c-9498cd37676a,2025-08-15,,,submitted_via_web,,vAW8NdMgcmAyapkC7bYNq5,,19
2025-08-15,2025-08-15,14.034145 101.059238 6.285085859357544 37.23568127347595,14.034145,101.059238,6.285085859,37.23568127,Ongkharak,Bang Luk Suea,Moo 7,Yes,Yes,,Since 2020 or earlier,Male,Buddhist,3,3,No,,Yes,3,No,,,,,,,,,,,No,,,,,,,,,,,No,,,,,,,,,,,,,,,,,,,,,Barking/Howling/Crying Dog fights,1,0,0,0,0,0,0,0,0,0,1,0,0,0,0,0,0,0,0,0,I am accepting/OK,No change,About the same,No change,Sterilized and vaccinated and returned,No,,,,,,,,,,,,,,,,,,,,,,,,,,,,,,,,,,,,,,,,539547902,646f1adb-78bd-49b4-8521-2e95f671c65c,2025-08-15,,,submitted_via_web,,vAW8NdMgcmAyapkC7bYNq5,,20
2025-08-15,2025-08-15,14.0747 101.08108 2.661485454440117 15.530949528489947,14.0747,101.08108,2.661485454,15.53094953,Ongkharak,Bang Luk Suea,Moo 4,Yes,Yes,,Since 2020 or earlier,Male,Buddhist,2,0,No,,Yes,1,No,,,,,,,,,,,No,,,,,,,,,,,Yes,Barking/Howling/Crying Attacked livestock,1,0,0,0,1,0,0,0,0,0,0,0,0,0,0,0,0,0,0,Barking/Howling/Crying Attacked livestock,1,0,0,0,1,0,0,0,0,0,0,0,0,0,0,0,0,0,0,10,I am unhappy,Increased,More dogs now,Increased,Left alone,No,,,,,,,,,,,,,,,,,,,,,,,,,,,,,,,,,,,,,,,,539548001,2c6581d8-2aca-4731-9d53-efc3a870f5c6,2025-08-15,,,submitted_via_web,,vAW8NdMgcmAyapkC7bYNq5,,21
2025-08-15,2025-08-15,14.034748 101.058057 -23.299999237060547 22.5,14.034748,101.058057,-23.29999924,22.5,Ongkharak,Bang Luk Suea,Moo 7,Yes,No,,,,,,,,,,,,,,,,,,,,,,,,,,,,,,,,,,,,,,,,,,,,,,,,,,,,,,,,,,,,,,,,,,,,,,,,,,,,,,,,,,,,,,,,,,,,,,,,,,,,,,,,,,,,,,,,,,,,,,,,539548516,7431d0f4-570c-4ab8-93a7-1a3a9ed0d002,2025-08-15,,,submitted_via_web,,vAW8NdMgcmAyapkC7bYNq5,,22
2025-08-15,2025-08-15,14.035081 101.058274 5.46919167736695 4.2029943319728424,14.035081,101.058274,5.469191677,4.202994332,Ongkharak,Bang Luk Suea,Moo 7,Yes,Yes,,Since 2020 or earlier,Female,Buddhist,2,0,No,,No,,No,,,,,,,,,,,No,,,,,,,,,,,Yes,Barking/Howling/Crying Make a mess of garbage,1,0,1,0,0,0,0,0,0,0,0,0,0,0,0,0,0,0,0,Barking/Howling/Crying Make a mess of garbage,1,0,1,0,0,0,0,0,0,0,0,0,0,0,0,0,0,0,0,0,Neutral,No change,About the same,No change,Rehomed as pets,No,,,,,,,,,,,,,,,,,,,,,,,,,,,,,,,,,,,,,,,,539548980,b0bc862e-9624-40ed-b827-8237506cf804,2025-08-15,,,submitted_via_web,,vAW8NdMgcmAyapkC7bYNq5,,23
2025-08-15,2025-08-15,14.072784 101.081211 5.507242255844176 4.7486515301917755,14.072784,101.081211,5.507242256,4.74865153,Ongkharak,Bang Luk Suea,Moo 4,Yes,Yes,,Since 2020 or earlier,Female,Buddhist,4,1,No,,No,,Yes,Food Water Shelter,1,1,1,0,0,0,0,0,0,Yes,Food Water Shelter,1,1,1,0,0,0,0,0,0,Yes,Barking/Howling/Crying,1,0,0,0,0,0,0,0,0,0,0,0,0,0,0,0,0,0,0,Barking/Howling/Crying,1,0,0,0,0,0,0,0,0,0,0,0,0,0,0,0,0,0,0,2,Neutral,No change,About the same,No change,Left alone,No,,,,,,,,,,,,,,,,,,,,,,,,,,,,,,,,,,,,,,,,539549097,4be51a80-ecba-4dfd-9be3-2e4b35c5cd7f,2025-08-15,,,submitted_via_web,,vAW8NdMgcmAyapkC7bYNq5,,24
2025-08-15,2025-08-15,,,,,,Ongkharak,Bang Luk Suea,Moo 4,Yes,Yes,,Since 2020 or earlier,Female,Buddhist,4,2,No,,No,,No,,,,,,,,,,,No,,,,,,,,,,,Yes,Attacked my pet,0,0,0,1,0,0,0,0,0,0,0,0,0,0,0,0,0,0,0,Barking/Howling/Crying,1,0,0,0,0,0,0,0,0,0,0,0,0,0,0,0,0,0,0,5,I do not accept,No change,About the same,No change,Move them away,No,,,,,,,,,,,,,,,,,,,,,,,,,,,,,,,,,,,,,,,,539549317,96a80eab-f512-456a-a708-a8669c7664c5,2025-08-15,,,submitted_via_web,,vAW8NdMgcmAyapkC7bYNq5,,25
2025-08-15,2025-08-15,14.072726 101.080749 0 27.85700035095215,14.072726,101.080749,0,27.85700035,Ongkharak,Bang Luk Suea,Moo 4,Yes,Yes,,Since 2020 or earlier,Male,Buddhist,3,0,No,,Yes,1,No,,,,,,,,,,,No,,,,,,,,,,,Yes,Barking/Howling/Crying Make a mess of garbage Attacked my pet,1,0,1,1,0,0,0,0,0,0,0,0,0,0,0,0,0,0,0,Barking/Howling/Crying Make a mess of garbage Attacked my pet,1,0,1,1,0,0,0,0,0,0,0,0,0,0,0,0,0,0,0,8,I am unhappy,Increased,More dogs now,Increased,Left alone,No,,,,,,,,,,,,,,,,,,,,,,,,,,,,,,,,,,,,,,,,539549428,5f5e2626-9751-4578-b9e4-8f91ce4ddc87,2025-08-15,,,submitted_via_web,,vAW8NdMgcmAyapkC7bYNq5,,26
2025-08-15,2025-08-15,14.034728 101.058042 -23.299999237060547 23.06100082397461,14.034728,101.058042,-23.29999924,23.06100082,Ongkharak,Bang Luk Suea,Moo 7,Yes,Yes,,Since 2020 or earlier,Female,Buddhist,4,3,No,,No,,No,,,,,,,,,,,No,,,,,,,,,,,No,,,,,,,,,,,,,,,,,,,,,Barking/Howling/Crying,1,0,0,0,0,0,0,0,0,0,0,0,0,0,0,0,0,0,0,0,I am happy,No change,About the same,No change,Left alone,No,,,,,,,,,,,,,,,,,,,,,,,,,,,,,,,,,,,,,,,,539549521,ba973938-8bab-462d-bf50-d000dd1c110e,2025-08-15,,,submitted_via_web,,vAW8NdMgcmAyapkC7bYNq5,,27
2025-08-15,2025-08-15,14.072769 101.081233 2.65 42.797138770084814,14.072769,101.081233,2.65,42.79713877,Ongkharak,Bang Luk Suea,Moo 4,Yes,Yes,,Arrived after 2020,Male,Buddhist,2,0,No,,No,,Yes,Food Water,1,1,0,0,0,0,0,0,0,Yes,Food Water,1,1,0,0,0,0,0,0,0,No,,,,,,,,,,,,,,,,,,,,,Barking/Howling/Crying,1,0,0,0,0,0,0,0,0,0,0,0,0,0,0,0,0,0,0,5,Neutral,No change,About the same,No change,Left alone,Yes,1,,,,,,,,,,,,,,,,,,,,,,,,,,,,,,,,,,,,,,,539549915,57fe7af1-a21f-4bed-933c-dab848527e07,2025-08-15,,,submitted_via_web,,vAW8NdMgcmAyapkC7bYNq5,,28
2025-08-15,2025-08-15,14.034872 101.058238 6.285085859357544 20.2118527155042,14.034872,101.058238,6.285085859,20.21185272,Ongkharak,Bang Luk Suea,Moo 7,Yes,Yes,,Since 2020 or earlier,Female,Buddhist,2,1,No,,No,,Yes,Food,1,0,0,0,0,0,0,0,0,Yes,Food,1,0,0,0,0,0,0,0,0,Yes,Barking/Howling/Crying,1,0,0,0,0,0,0,0,0,0,0,0,0,0,0,0,0,0,0,Barking/Howling/Crying,1,0,0,0,0,0,0,0,0,0,0,0,0,0,0,0,0,0,0,3,I am unhappy,Decreased,Fewer dogs now,Decreased,Sterilized and vaccinated and returned,No,,,,,,,,,,,,,,,,,,,,,,,,,,,,,,,,,,,,,,,,539549917,f2c12027-d688-47c0-90ec-4b4e99490d25,2025-08-15,,,submitted_via_web,,vAW8NdMgcmAyapkC7bYNq5,,29
2025-08-15,2025-08-15,14.093125 101.072927 6.650346517562866 78.65056404935407,14.093125,101.072927,6.650346518,78.65056405,Ongkharak,Bang Luk Suea,Moo 3,Yes,Yes,,Since 2020 or earlier,Female,Buddhist,1,0,No,,Yes,1,No,,,,,,,,,,,No,,,,,,,,,,,Yes,Barking/Howling/Crying,1,0,0,0,0,0,0,0,0,0,0,0,0,0,0,0,0,0,0,Barking/Howling/Crying,1,0,0,0,0,0,0,0,0,0,0,0,0,0,0,0,0,0,0,10,Neutral,Decreased,More dogs now,Decreased,Sterilized and vaccinated and returned,No,,,,,,,,,,,,,,,,,,,,,,,,,,,,,,,,,,,,,,,,539550046,de614825-c9e7-4706-8f8e-4b6b1f2586cb,2025-08-15,,,submitted_via_web,,vAW8NdMgcmAyapkC7bYNq5,,30
2025-08-15,2025-08-15,,,,,,Ongkharak,Bang Luk Suea,Moo 4,Yes,Yes,,Since 2020 or earlier,Female,Buddhist,4,0,No,,No,,No,,,,,,,,,,,No,,,,,,,,,,,Yes,Barking/Howling/Crying,1,0,0,0,0,0,0,0,0,0,0,0,0,0,0,0,0,0,0,Chase me on bike/motorbike,0,0,0,0,0,0,0,0,0,0,0,1,0,0,0,0,0,0,0,3,I do not accept,Decreased,About the same,No change,Move them away,No,,,,,,,,,,,,,,,,,,,,,,,,,,,,,,,,,,,,,,,,539550660,15e46198-cd25-4042-8595-6d40b498e871,2025-08-15,,,submitted_via_web,,vAW8NdMgcmAyapkC7bYNq5,,31
2025-08-15,2025-08-15,14.031241 101.061369 7.670483308181517 19.175211434450123,14.031241,101.061369,7.670483308,19.17521143,Ongkharak,Bang Luk Suea,Moo 7,Yes,Yes,,Since 2020 or earlier,Female,Buddhist,2,0,No,,Yes,1,No,,,,,,,,,,,No,,,,,,,,,,,Yes,Barking/Howling/Crying Destroy my property,1,0,0,0,0,0,0,0,0,0,0,0,1,0,0,0,0,0,0,Barking/Howling/Crying Destroy my property,1,0,0,0,0,0,0,0,0,0,0,0,1,0,0,0,0,0,0,0,I am accepting/OK,Increased,More dogs now,No change,Sterilized and vaccinated and returned,No,,,,,,,,,,,,,,,,,,,,,,,,,,,,,,,,,,,,,,,,539551382,9498f232-d4df-4311-b1a0-73701afba382,2025-08-15,,,submitted_via_web,,vAW8NdMgcmAyapkC7bYNq5,,32
2025-08-15,2025-08-15,14.091457 101.088387 -23.44146728515625 15.972000122070312,14.091457,101.088387,-23.44146729,15.97200012,Ongkharak,Bang Luk Suea,Moo 4,Yes,Yes,,Since 2020 or earlier,Female,Buddhist,2,0,No,,No,,Yes,Food Water Shelter Vaccination Sterilization,1,1,1,0,0,1,1,0,0,Yes,Food Water Shelter Vaccination Sterilization,1,1,1,0,0,1,1,0,0,No,,,,,,,,,,,,,,,,,,,,,,,,,,,,,,,,,,,,,,,,,2,I am accepting/OK,No change,About the same,No change,Sterilized and vaccinated and returned,No,,,,,,,,,,,,,,,,,,,,,,,,,,,,,,,,,,,,,,,,539551587,48508c7a-3e29-4d68-a1d6-5b21f382ab6a,2025-08-15,,,submitted_via_web,,vAW8NdMgcmAyapkC7bYNq5,,33
2025-08-15,2025-08-15,,,,,,Ongkharak,Bang Luk Suea,Moo 4,Yes,Yes,,Since 2020 or earlier,Male,Buddhist,4,0,No,,No,,No,,,,,,,,,,,No,,,,,,,,,,,Yes,Make a mess of garbage,0,0,1,0,0,0,0,0,0,0,0,0,0,0,0,0,0,0,0,Make a mess of garbage,0,0,1,0,0,0,0,0,0,0,0,0,0,0,0,0,0,0,0,10,I am unhappy,Increased,More dogs now,No change,Move them away,No,,,,,,,,,,,,,,,,,,,,,,,,,,,,,,,,,,,,,,,,539551789,f69fb000-efc4-4838-a1bb-053d245d4dcc,2025-08-15,,,submitted_via_web,,vAW8NdMgcmAyapkC7bYNq5,,34
2025-08-15,2025-08-15,14.090385 101.089732 14.18571961671114 46.351334938592316,14.090385,101.089732,14.18571962,46.35133494,Ongkharak,Bang Luk Suea,Moo 4,Yes,Yes,,Since 2020 or earlier,Female,Buddhist,2,0,Yes,1,Yes,2,No,,,,,,,,,,,Yes,Food Water,1,1,0,0,0,0,0,0,0,No,,,,,,,,,,,,,,,,,,,,,,,,,,,,,,,,,,,,,,,,,3,Neutral,No change,About the same,No change,Rehomed as pets,Yes,1,,,,,,,,,,,,,,,,,,,,,,,,,,,,,,,,,,,,,,,539552321,12c495a3-8bde-4767-a891-ab2ec7f8d69f,2025-08-15,,,submitted_via_web,,vAW8NdMgcmAyapkC7bYNq5,,35
2025-08-15,2025-08-15,,,,,,Ongkharak,Bang Luk Suea,Moo 4,Yes,Yes,,Since 2020 or earlier,Male,Buddhist,3,0,No,,Yes,1,No,,,,,,,,,,,No,,,,,,,,,,,Yes,Make a mess of garbage,0,0,1,0,0,0,0,0,0,0,0,0,0,0,0,0,0,0,0,Attacked my pet,0,0,0,1,0,0,0,0,0,0,0,0,0,0,0,0,0,0,0,10,I am unhappy,Increased,About the same,No change,Move them away,No,,,,,,,,,,,,,,,,,,,,,,,,,,,,,,,,,,,,,,,,539552925,668016d1-4a64-44b7-8c94-f40c3bef2718,2025-08-15,,,submitted_via_web,,vAW8NdMgcmAyapkC7bYNq5,,36
2025-08-15,2025-08-15,14.030333 101.061536 -22.299999237060547 50.43299865722656,14.030333,101.061536,-22.29999924,50.43299866,Ongkharak,Bang Luk Suea,Moo 7,Yes,Yes,,Since 2020 or earlier,Male,Buddhist,5,0,Yes,2,Yes,3,Yes,Food Water Shelter Parasite control Vaccination Sterilization,1,1,1,0,1,1,1,0,0,Yes,Food Water Shelter,1,1,1,0,0,0,0,0,0,Yes,Barking/Howling/Crying Pee and poo Biting me or other adults Chasing me or others Chase me on bike/motorbike Concern for puppies,1,1,0,0,0,0,1,0,0,0,0,1,0,0,0,1,0,0,1,Barking/Howling/Crying Pee and poo Biting me or other adults Chasing me or others Chase me on bike/motorbike Concern for puppies,1,1,0,0,0,0,1,0,0,0,0,1,0,0,0,1,0,0,1,15,Neutral,Increased,More dogs now,Increased,Sterilized and vaccinated and returned,No,,,,,,,,,,,,,,,,,,,,,,,,,,,,,,,,,,,,,,,,539553049,4cb60142-b28d-41ea-bafb-4050f495fa7d,2025-08-15,,,submitted_via_web,,vAW8NdMgcmAyapkC7bYNq5,,37
2025-08-15,2025-08-15,14.090068 101.089372 11.061470174230635 4.74865153019179,14.090068,101.089372,11.06147017,4.74865153,Ongkharak,Bang Luk Suea,Moo 4,Yes,Yes,,Since 2020 or earlier,Female,Buddhist,4,0,No,,No,,No,,,,,,,,,,,No,,,,,,,,,,,Yes,Barking/Howling/Crying,1,0,0,0,0,0,0,0,0,0,0,0,0,0,0,0,0,0,0,Barking/Howling/Crying,1,0,0,0,0,0,0,0,0,0,0,0,0,0,0,0,0,0,0,2,Neutral,No change,About the same,No change,Left alone,No,,,,,,,,,,,,,,,,,,,,,,,,,,,,,,,,,,,,,,,,539553163,c872a06a-3c18-4f8c-a335-92d30ab7492f,2025-08-15,,,submitted_via_web,,vAW8NdMgcmAyapkC7bYNq5,,38
2025-08-15,2025-08-15,14.095354 101.070196 9.828529353253543 4.748651530191767,14.095354,101.070196,9.828529353,4.74865153,Ongkharak,Bang Luk Suea,Moo 3,Yes,Yes,,Since 2020 or earlier,Female,Buddhist,5,1,No,,No,,No,,,,,,,,,,,No,,,,,,,,,,,No,,,,,,,,,,,,,,,,,,,,,Barking/Howling/Crying Pee and poo Make a mess of garbage,1,1,1,0,0,0,0,0,0,0,0,0,0,0,0,0,0,0,0,10,I do not accept,No change,About the same,No change,Sterilized and vaccinated and returned,No,,,,,,,,,,,,,,,,,,,,,,,,,,,,,,,,,,,,,,,,539553327,d1da274c-db18-4993-ac4f-88b0a0d52177,2025-08-15,,,submitted_via_web,,vAW8NdMgcmAyapkC7bYNq5,,39
2025-08-15,2025-08-15,14.094781 101.07468 6.697768688201904 39.99378995738518,14.094781,101.07468,6.697768688,39.99378996,Ongkharak,Ongkharak,Moo 3,Yes,Yes,,Since 2020 or earlier,Female,Buddhist,3,0,No,,No,,No,,,,,,,,,,,No,,,,,,,,,,,Yes,Barking/Howling/Crying Attacked my pet,1,0,0,1,0,0,0,0,0,0,0,0,0,0,0,0,0,0,0,Attacked my pet,0,0,0,1,0,0,0,0,0,0,0,0,0,0,0,0,0,0,0,5,I am unhappy,Decreased,Fewer dogs now,Decreased,Rehomed as pets,No,,,,,,,,,,,,,,,,,,,,,,,,,,,,,,,,,,,,,,,,539553537,8fead43c-1d7b-4aa1-ba5a-5ce0acfe0c95,2025-08-15,,,submitted_via_web,,vAW8NdMgcmAyapkC7bYNq5,,40
2025-08-15,2025-08-15,14.09597 101.069789 6.66756010055542 37.61071264169754,14.09597,101.069789,6.667560101,37.61071264,Ongkharak,Bang Luk Suea,Moo 3,Yes,Yes,,Since 2020 or earlier,Female,Buddhist,5,1,No,,No,,No,,,,,,,,,,,No,,,,,,,,,,,Yes,Barking/Howling/Crying Pee and poo Make a mess of garbage Attacked my pet,1,1,1,1,0,0,0,0,0,0,0,0,0,0,0,0,0,0,0,Barking/Howling/Crying Pee and poo Make a mess of garbage Attacked my pet,1,1,1,1,0,0,0,0,0,0,0,0,0,0,0,0,0,0,0,6,I do not accept,No change,About the same,No change,Sterilized and vaccinated and returned,No,,,,,,,,,,,,,,,,,,,,,,,,,,,,,,,,,,,,,,,,539554638,e93c354f-511a-4c05-976b-89cb2b8719e8,2025-08-15,,,submitted_via_web,,vAW8NdMgcmAyapkC7bYNq5,,41
2025-08-15,2025-08-15,,,,,,Ongkharak,Bang Luk Suea,Moo 4,Yes,Yes,,Since 2020 or earlier,Female,Buddhist,4,1,No,,No,,No,,,,,,,,,,,No,,,,,,,,,,,Yes,Barking/Howling/Crying Make a mess of garbage,1,0,1,0,0,0,0,0,0,0,0,0,0,0,0,0,0,0,0,Make a mess of garbage,0,0,1,0,0,0,0,0,0,0,0,0,0,0,0,0,0,0,0,5,I do not accept,Decreased,About the same,No change,Move them away,No,,,,,,,,,,,,,,,,,,,,,,,,,,,,,,,,,,,,,,,,539555109,a3f1efd9-97ac-43b8-92e8-724e0f3219fc,2025-08-15,,,submitted_via_web,,vAW8NdMgcmAyapkC7bYNq5,,42
2025-08-15,2025-08-15,14.027344 101.063252 6.285085859357544 19.314729173757648,14.027344,101.063252,6.285085859,19.31472917,Ongkharak,Bang Luk Suea,Moo 8,Yes,Yes,,Since 2020 or earlier,Female,Buddhist,4,1,No,,No,,No,,,,,,,,,,,No,,,,,,,,,,,Yes,Barking/Howling/Crying,1,0,0,0,0,0,0,0,0,0,0,0,0,0,0,0,0,0,0,Barking/Howling/Crying,1,0,0,0,0,0,0,0,0,0,0,0,0,0,0,0,0,0,0,0,I am accepting/OK,No change,About the same,No change,Left alone,No,,,,,,,,,,,,,,,,,,,,,,,,,,,,,,,,,,,,,,,,539555518,21473680-01cc-4e3e-b95d-34b37b741de5,2025-08-15,,,submitted_via_web,,vAW8NdMgcmAyapkC7bYNq5,,43
2025-08-15,2025-08-15,,,,,,Ongkharak,Bang Luk Suea,Moo 4,Yes,Yes,,Since 2020 or earlier,Male,Buddhist,6,3,No,,No,,No,,,,,,,,,,,No,,,,,,,,,,,Yes,Barking/Howling/Crying Make a mess of garbage,1,0,1,0,0,0,0,0,0,0,0,0,0,0,0,0,0,0,0,Barking/Howling/Crying Make a mess of garbage,1,0,1,0,0,0,0,0,0,0,0,0,0,0,0,0,0,0,0,12,I do not accept,Decreased,About the same,No change,Move them away,No,,,,,,,,,,,,,,,,,,,,,,,,,,,,,,,,,,,,,,,,539555838,f39369a4-d5e3-42f4-aacd-893cd7756c91,2025-08-15,,,submitted_via_web,,vAW8NdMgcmAyapkC7bYNq5,,44
2025-08-15,2025-08-15,14.095703 101.069914 6.67131781578064 58.411098393171564,14.095703,101.069914,6.671317816,58.41109839,Ongkharak,Bang Luk Suea,Moo 3,Yes,Yes,,Since 2020 or earlier,Male,Buddhist,3,2,No,,Yes,1,Yes,Food Water,1,1,0,0,0,0,0,0,0,Yes,Food Water,1,1,0,0,0,0,0,0,0,Yes,Barking/Howling/Crying Make a mess of garbage Attacked my pet Attacked livestock Biting children Dog fights Destroy my property Saw a rabid dog,1,0,1,1,1,0,0,1,0,0,1,0,1,1,0,0,0,0,0,Barking/Howling/Crying Make a mess of garbage Attacked my pet Attacked livestock Biting me or other adults Biting children Dog fights Destroy my property Saw a rabid dog,1,0,1,1,1,0,1,1,0,0,1,0,1,1,0,0,0,0,0,10,I do not accept,No change,More dogs now,Increased,Sterilized and vaccinated and returned,No,,,,,,,,,,,,,,,,,,,,,,,,,,,,,,,,,,,,,,,,539555932,ff8a0191-f983-4b08-a592-b6ff2edaafb4,2025-08-15,,,submitted_via_web,,vAW8NdMgcmAyapkC7bYNq5,,45
2025-08-15,2025-08-15,14.02717 101.063448 -21.299999237060547 10.5,14.02717,101.063448,-21.29999924,10.5,Ongkharak,Bang Luk Suea,Moo 8,Yes,Yes,,Since 2020 or earlier,Female,Buddhist,1,0,No,,No,,No,,,,,,,,,,,No,,,,,,,,,,,No,,,,,,,,,,,,,,,,,,,,,Pee and poo,0,1,0,0,0,0,0,0,0,0,0,0,0,0,0,0,0,0,0,1,I do not accept,No change,About the same,No change,Sterilized and vaccinated and returned,No,,,,,,,,,,,,,,,,,,,,,,,,,,,,,,,,,,,,,,,,539555959,22737f7a-99f2-480c-88ed-2e6f3f1840ae,2025-08-15,,,submitted_via_web,,vAW8NdMgcmAyapkC7bYNq5,,46
2025-08-15,2025-08-15,14.09607 101.069637 6.680720806121826 32.73738934720051,14.09607,101.069637,6.680720806,32.73738935,Ongkharak,Bang Luk Suea,Moo 3,Yes,Yes,,Since 2020 or earlier,Female,Buddhist,5,3,No,,Yes,3,No,,,,,,,,,,,No,,,,,,,,,,,No,,,,,,,,,,,,,,,,,,,,,,,,,,,,,,,,,,,,,,,,,10,I am accepting/OK,No change,About the same,No change,Sterilized and vaccinated and returned,No,,,,,,,,,,,,,,,,,,,,,,,,,,,,,,,,,,,,,,,,539556143,adbb2631-c819-4779-a1a9-c027efb67e02,2025-08-15,,,submitted_via_web,,vAW8NdMgcmAyapkC7bYNq5,,47
2025-08-15,2025-08-15,,,,,,Ongkharak,Bang Luk Suea,Moo 4,Yes,Yes,,Since 2020 or earlier,Female,Buddhist,3,1,No,,No,,No,,,,,,,,,,,No,,,,,,,,,,,Yes,Make a mess of garbage,0,0,1,0,0,0,0,0,0,0,0,0,0,0,0,0,0,0,0,Barking/Howling/Crying Make a mess of garbage,1,0,1,0,0,0,0,0,0,0,0,0,0,0,0,0,0,0,0,13,I am unhappy,No change,Don’t know,No change,Move them away,No,,,,,,,,,,,,,,,,,,,,,,,,,,,,,,,,,,,,,,,,539556411,60af351f-6eb6-4bf3-ac4c-1a3a56b3a027,2025-08-15,,,submitted_via_web,,vAW8NdMgcmAyapkC7bYNq5,,48
2025-08-15,2025-08-15,14.027147 101.063284 4.257454346020612 3.9430317587162214,14.027147,101.063284,4.257454346,3.943031759,Ongkharak,Bang Luk Suea,Moo 8,Yes,Yes,,Arrived after 2020,Female,Buddhist,2,1,No,,No,,No,,,,,,,,,,,No,,,,,,,,,,,No,,,,,,,,,,,,,,,,,,,,,,,,,,,,,,,,,,,,,,,,,0,I am unhappy,Increased,Fewer dogs now,No change,Sterilized and vaccinated and returned,Yes,1,,,,,,,,,,,,,,,,,,,,,,,,,,,,,,,,,,,,,,,539556513,2cf4eba0-7699-4b62-982e-47c5af73c99a,2025-08-15,,,submitted_via_web,,vAW8NdMgcmAyapkC7bYNq5,,49
2025-08-15,2025-08-15,14.096282 101.06941 10.220649776048958 4.748651530191776,14.096282,101.06941,10.22064978,4.74865153,Ongkharak,Bang Luk Suea,Moo 3,Yes,Yes,,Since 2020 or earlier,Male,Buddhist,3,1,No,,No,,No,,,,,,,,,,,No,,,,,,,,,,,Yes,Barking/Howling/Crying Pee and poo Make a mess of garbage,1,1,1,0,0,0,0,0,0,0,0,0,0,0,0,0,0,0,0,Barking/Howling/Crying Pee and poo Make a mess of garbage,1,1,1,0,0,0,0,0,0,0,0,0,0,0,0,0,0,0,0,10,I am unhappy,No change,About the same,No change,Sterilized and vaccinated and returned,No,,,,,,,,,,,,,,,,,,,,,,,,,,,,,,,,,,,,,,,,539556538,72570859-4ba9-4839-89d3-b57d68b4d95b,2025-08-15,,,submitted_via_web,,vAW8NdMgcmAyapkC7bYNq5,,50
2025-08-15,2025-08-15,14.096562 101.070795 7.289528382230792 64.99172551409879,14.096562,101.070795,7.289528382,64.99172551,Ongkharak,Bang Luk Suea,Moo 3,Yes,Yes,,Since 2020 or earlier,Male,Buddhist,1,0,No,,Yes,2,No,,,,,,,,,,,No,,,,,,,,,,,No,,,,,,,,,,,,,,,,,,,,,,,,,,,,,,,,,,,,,,,,,6,I am unhappy,Decreased,More dogs now,Decreased,Rehomed as pets,No,,,,,,,,,,,,,,,,,,,,,,,,,,,,,,,,,,,,,,,,539556602,60f4258b-0565-4b7f-9d99-6b064e1085b8,2025-08-15,,,submitted_via_web,,vAW8NdMgcmAyapkC7bYNq5,,51
2025-08-15,2025-08-15,14.096367 101.069375 6.679675579071045 20.97758675703737,14.096367,101.069375,6.679675579,20.97758676,Ongkharak,Bang Luk Suea,Moo 3,Yes,Yes,,Since 2020 or earlier,Female,Buddhist,5,1,No,,No,,No,,,,,,,,,,,No,,,,,,,,,,,Yes,Barking/Howling/Crying Pee and poo Make a mess of garbage Attacked my pet,1,1,1,1,0,0,0,0,0,0,0,0,0,0,0,0,0,0,0,Barking/Howling/Crying Pee and poo Make a mess of garbage Attacked my pet,1,1,1,1,0,0,0,0,0,0,0,0,0,0,0,0,0,0,0,10,I am unhappy,Increased,Fewer dogs now,Increased,Sterilized and vaccinated and returned,No,,,,,,,,,,,,,,,,,,,,,,,,,,,,,,,,,,,,,,,,539557104,8c338e20-7ad9-4eb7-8039-b7b8efa0d24b,2025-08-15,,,submitted_via_web,,vAW8NdMgcmAyapkC7bYNq5,,52
2025-08-15,2025-08-15,14.093823 101.093408 11.292854276485741 4.748651530191761,14.093823,101.093408,11.29285428,4.74865153,Ongkharak,Bang Luk Suea,,Yes,Yes,,<12 months,Female,Prefer not to say,2,0,No,,No,,No,,,,,,,,,,,No,,,,,,,,,,,Yes,Barking/Howling/Crying Chasing me or others,1,0,0,0,0,0,0,0,0,0,0,0,0,0,0,0,0,0,1,Barking/Howling/Crying Chasing me or others,1,0,0,0,0,0,0,0,0,0,0,0,0,0,0,0,0,0,1,10,I do not accept,No change,,No change,Left alone,No,,,,,,,,,,,,,,,,,,,,,,,,,,,,,,,,,,,,,,,,539557197,4d46fb2b-7425-409f-b54d-225259d311e8,2025-08-15,,,submitted_via_web,,vAW8NdMgcmAyapkC7bYNq5,,53
2025-08-15,2025-08-15,14.096391 101.069243 6.66756010055542 62.508551200377845,14.096391,101.069243,6.667560101,62.5085512,Ongkharak,Bang Luk Suea,Moo 3,Yes,Yes,,Since 2020 or earlier,Female,Buddhist,2,1,No,,No,,No,,,,,,,,,,,No,,,,,,,,,,,No,,,,,,,,,,,,,,,,,,,,,,,,,,,,,,,,,,,,,,,,,10,Neutral,No change,About the same,No change,Sterilized and vaccinated and returned,No,,,,,,,,,,,,,,,,,,,,,,,,,,,,,,,,,,,,,,,,539557729,986f01f0-431d-4a86-b5c0-9ed329b2ce3b,2025-08-15,,,submitted_via_web,,vAW8NdMgcmAyapkC7bYNq5,,54
2025-08-15,2025-08-15,14.093826 101.093367 15.219295469112694 72.38793380815927,14.093826,101.093367,15.21929547,72.38793381,Ongkharak,Bang Luk Suea,Moo 4,Yes,Yes,,<12 months,Male,Buddhist,2,0,No,,No,,No,,,,,,,,,,,No,,,,,,,,,,,No,,,,,,,,,,,,,,,,,,,,,,,,,,,,,,,,,,,,,,,,,5,Neutral,No change,,No change,Left alone,No,,,,,,,,,,,,,,,,,,,,,,,,,,,,,,,,,,,,,,,,539557795,960b22dd-bc0e-42bf-acbc-e8d18ef4893e,2025-08-15,,,submitted_via_web,,vAW8NdMgcmAyapkC7bYNq5,,55
2025-08-15,2025-08-15,14.027547 101.063478 -21.399999618530273 13.62399959564209,14.027547,101.063478,-21.39999962,13.6239996,Ongkharak,Bang Luk Suea,Moo 8,Yes,Yes,,Since 2020 or earlier,Male,Buddhist,6,1,No,,Yes,1,No,,,,,,,,,,,No,,,,,,,,,,,Yes,Barking/Howling/Crying Dog fights,1,0,0,0,0,0,0,0,0,0,1,0,0,0,0,0,0,0,0,Barking/Howling/Crying Dog fights,1,0,0,0,0,0,0,0,0,0,1,0,0,0,0,0,0,0,0,0,I am happy,No change,About the same,No change,Left alone,No,,,,,,,,,,,,,,,,,,,,,,,,,,,,,,,,,,,,,,,,539557803,1a1c837b-d232-4420-9705-6aeaeef639ac,2025-08-15,,,submitted_via_web,,vAW8NdMgcmAyapkC7bYNq5,,56
2025-08-15,2025-08-15,,,,,,Ongkharak,Bang Luk Suea,Moo 4,Yes,Yes,,Since 2020 or earlier,Male,Buddhist,2,0,No,,No,,No,,,,,,,,,,,No,,,,,,,,,,,No,,,,,,,,,,,,,,,,,,,,,Barking/Howling/Crying Make a mess of garbage,1,0,1,0,0,0,0,0,0,0,0,0,0,0,0,0,0,0,0,10,I am unhappy,Increased,About the same,Increased,Move them away,No,,,,,,,,,,,,,,,,,,,,,,,,,,,,,,,,,,,,,,,,539557854,2eaa002e-0d1a-4a74-8432-522cb6ff1d81,2025-08-15,,,submitted_via_web,,vAW8NdMgcmAyapkC7bYNq5,,57
2025-08-15,2025-08-15,14.02747 101.063223 6.285085859357544 20.831737541332203,14.02747,101.063223,6.285085859,20.83173754,Ongkharak,Bang Luk Suea,Moo 8,Yes,Yes,,Since 2020 or earlier,Female,Buddhist,4,0,No,,Yes,3,No,,,,,,,,,,,No,,,,,,,,,,,Yes,Barking/Howling/Crying Chasing me or others Dog fights,1,0,0,0,0,0,0,0,0,0,1,0,0,0,0,0,0,0,1,Barking/Howling/Crying Chasing me or others Dog fights,1,0,0,0,0,0,0,0,0,0,1,0,0,0,0,0,0,0,1,4,I am accepting/OK,No change,About the same,No change,Move them away,No,,,,,,,,,,,,,,,,,,,,,,,,,,,,,,,,,,,,,,,,539558282,643b1b91-5f35-4cbb-8fb6-bdf248b23ee2,2025-08-15,,,submitted_via_web,,vAW8NdMgcmAyapkC7bYNq5,,58
2025-08-15,2025-08-15,14.09758 101.068374 14.834365812130272 64.2688466025593,14.09758,101.068374,14.83436581,64.2688466,Ongkharak,Bang Luk Suea,Moo 3,Yes,Yes,,Since 2020 or earlier,Male,Buddhist,4,1,No,,No,,No,,,,,,,,,,,No,,,,,,,,,,,Yes,Barking/Howling/Crying Pee and poo Make a mess of garbage,1,1,1,0,0,0,0,0,0,0,0,0,0,0,0,0,0,0,0,Barking/Howling/Crying Pee and poo Make a mess of garbage,1,1,1,0,0,0,0,0,0,0,0,0,0,0,0,0,0,0,0,9,I do not accept,No change,About the same,No change,Sterilized and vaccinated and returned,No,,,,,,,,,,,,,,,,,,,,,,,,,,,,,,,,,,,,,,,,539558561,40e23b57-dd47-4a23-bc68-ef84717915a8,2025-08-15,,,submitted_via_web,,vAW8NdMgcmAyapkC7bYNq5,,59
2025-08-15,2025-08-15,14.089494 101.088807 -23.44146728515625 8.430999755859375,14.089494,101.088807,-23.44146729,8.430999756,Ongkharak,Bang Luk Suea,Moo 4,Yes,Yes,,Since 2020 or earlier,Male,Buddhist,2,0,No,,Yes,1,No,,,,,,,,,,,No,,,,,,,,,,,No,,,,,,,,,,,,,,,,,,,,,,,,,,,,,,,,,,,,,,,,,5,I am accepting/OK,Increased,More dogs now,Increased,Left alone,No,,,,,,,,,,,,,,,,,,,,,,,,,,,,,,,,,,,,,,,,539559152,49cfc2fe-4822-4afd-8e6d-38e176e155e8,2025-08-15,,,submitted_via_web,,vAW8NdMgcmAyapkC7bYNq5,,60
2025-08-15,2025-08-15,14.089473 101.088761 4.791358947753906 3.5355339059327373,14.089473,101.088761,4.791358948,3.535533906,Ongkharak,Bang Luk Suea,Moo 4,Yes,Yes,,Since 2020 or earlier,Female,Buddhist,2,1,Yes,2,No,,No,,,,,,,,,,,No,,,,,,,,,,,No,,,,,,,,,,,,,,,,,,,,,,,,,,,,,,,,,,,,,,,,,4,Neutral,No change,Don’t know,No change,Rehomed as pets,No,,,,,,,,,,,,,,,,,,,,,,,,,,,,,,,,,,,,,,,,539559189,eb9142bb-19a7-47fb-8d7f-dcab35a5098c,2025-08-15,,,submitted_via_web,,vAW8NdMgcmAyapkC7bYNq5,,61
2025-08-15,2025-08-15,14.094489 101.094446 9.098209800573251 85.71763064856364,14.094489,101.094446,9.098209801,85.71763065,Ongkharak,Bang Luk Suea,Moo 4,Yes,Yes,,Since 2020 or earlier,Female,Buddhist,2,0,No,,Yes,3,No,,,,,,,,,,,No,,,,,,,,,,,No,,,,,,,,,,,,,,,,,,,,,Make a mess of garbage,0,0,1,0,0,0,0,0,0,0,0,0,0,0,0,0,0,0,0,10,I do not accept,No change,Don’t know,No change,Move them away,No,,,,,,,,,,,,,,,,,,,,,,,,,,,,,,,,,,,,,,,,539559469,ef95bb97-089b-4bca-b346-f7004f113163,2025-08-15,,,submitted_via_web,,vAW8NdMgcmAyapkC7bYNq5,,62
2025-08-15,2025-08-15,14.02815 101.062782 -22 100,14.02815,101.062782,-22,100,Ongkharak,Bang Luk Suea,Moo 8,Yes,Yes,,Since 2020 or earlier,Male,Buddhist,2,0,Yes,1,Yes,1,No,,,,,,,,,,,No,,,,,,,,,,,No,,,,,,,,,,,,,,,,,,,,,Unsightly sexual behavior,0,0,0,0,0,0,0,0,0,1,0,0,0,0,0,0,0,0,0,0,Neutral,No change,About the same,Decreased,Sterilized and vaccinated and returned,No,,,,,,,,,,,,,,,,,,,,,,,,,,,,,,,,,,,,,,,,539559883,cda4a4c9-ef22-4237-9b85-34219bad9fd9,2025-08-15,,,submitted_via_web,,vAW8NdMgcmAyapkC7bYNq5,,63
2025-08-15,2025-08-15,14.027485 101.063313 6.285085859357544 24.303029769611072,14.027485,101.063313,6.285085859,24.30302977,Ongkharak,Bang Luk Suea,Moo 8,Yes,Yes,,Since 2020 or earlier,Male,Buddhist,3,0,No,,No,,No,,,,,,,,,,,No,,,,,,,,,,,No,,,,,,,,,,,,,,,,,,,,,,,,,,,,,,,,,,,,,,,,,4,I am accepting/OK,Decreased,Don’t know,No change,Rehomed as pets,No,,,,,,,,,,,,,,,,,,,,,,,,,,,,,,,,,,,,,,,,539559983,203b6bca-f697-4126-b9b5-60e72cedc981,2025-08-15,,,submitted_via_web,,vAW8NdMgcmAyapkC7bYNq5,,64
2025-08-15,2025-08-15,14.101201 101.064881 6.527615308761597 91.41929969879185,14.101201,101.064881,6.527615309,91.4192997,Ongkharak,Bang Luk Suea,Moo 3,Yes,Yes,,Since 2020 or earlier,Male,Buddhist,3,0,Yes,1,Yes,3,No,,,,,,,,,,,No,,,,,,,,,,,Yes,Barking/Howling/Crying Attacked my pet Dog fights,1,0,0,1,0,0,0,0,0,0,1,0,0,0,0,0,0,0,0,Barking/Howling/Crying Attacked my pet Dog fights,1,0,0,1,0,0,0,0,0,0,1,0,0,0,0,0,0,0,0,20,Neutral,No change,Fewer dogs now,Decreased,Sterilized and vaccinated and returned,No,,,,,,,,,,,,,,,,,,,,,,,,,,,,,,,,,,,,,,,,539560417,77530cd3-e1bc-46be-babd-184bb046dd1d,2025-08-15,,,submitted_via_web,,vAW8NdMgcmAyapkC7bYNq5,,65
2025-08-15,2025-08-15,14.027547 101.063261 6.285085859357544 41.08730484174632,14.027547,101.063261,6.285085859,41.08730484,Ongkharak,Bang Luk Suea,Moo 8,Yes,Yes,,Since 2020 or earlier,Female,Buddhist,5,2,No,,Yes,2,No,,,,,,,,,,,No,,,,,,,,,,,Yes,Make a mess of garbage Dog fights,0,0,1,0,0,0,0,0,0,0,1,0,0,0,0,0,0,0,0,Make a mess of garbage Dog fights,0,0,1,0,0,0,0,0,0,0,1,0,0,0,0,0,0,0,0,0,I am accepting/OK,Decreased,Fewer dogs now,No change,Rehomed as pets,No,,,,,,,,,,,,,,,,,,,,,,,,,,,,,,,,,,,,,,,,539561643,338971e9-e790-4947-be4a-8897374f3be1,2025-08-15,,,submitted_via_web,,vAW8NdMgcmAyapkC7bYNq5,,66
2025-08-15,2025-08-15,14.10122 101.065482 1.981491536833346 16.348654756317668,14.10122,101.065482,1.981491537,16.34865476,Ongkharak,Bang Luk Suea,Moo 3,Yes,Yes,,Since 2020 or earlier,Female,Buddhist,5,2,No,,No,,No,,,,,,,,,,,No,,,,,,,,,,,No,,,,,,,,,,,,,,,,,,,,,,,,,,,,,,,,,,,,,,,,,0,Neutral,No change,About the same,No change,Sterilized and vaccinated and returned,No,,,,,,,,,,,,,,,,,,,,,,,,,,,,,,,,,,,,,,,,539562017,516803bf-268e-4269-b883-94ee1d04c53f,2025-08-15,,,submitted_via_web,,vAW8NdMgcmAyapkC7bYNq5,,67
2025-08-15,2025-08-15,14.026976 101.063933 6.285085859357544 98.68499061438722,14.026976,101.063933,6.285085859,98.68499061,Ongkharak,Bang Luk Suea,Moo 8,Yes,Yes,,Since 2020 or earlier,Male,Buddhist,3,0,No,,No,,No,,,,,,,,,,,No,,,,,,,,,,,No,,,,,,,,,,,,,,,,,,,,,,,,,,,,,,,,,,,,,,,,,0,I am accepting/OK,No change,About the same,No change,Sterilized and vaccinated and returned,No,,,,,,,,,,,,,,,,,,,,,,,,,,,,,,,,,,,,,,,,539562207,39eecc05-c243-406b-bde6-7a1b8ef7d6ed,2025-08-15,,,submitted_via_web,,vAW8NdMgcmAyapkC7bYNq5,,68
2025-08-15,2025-08-15,14.02825 101.062103 -22.200000762939453 9.100000381469727,14.02825,101.062103,-22.20000076,9.100000381,Ongkharak,Bang Luk Suea,Moo 8,Yes,Yes,,Since 2020 or earlier,Female,Buddhist,4,2,No,,Yes,4,No,,,,,,,,,,,No,,,,,,,,,,,No,,,,,,,,,,,,,,,,,,,,,Barking/Howling/Crying Unsightly sexual behavior,1,0,0,0,0,0,0,0,0,1,0,0,0,0,0,0,0,0,0,0,I am happy,No change,About the same,No change,Sterilized and vaccinated and returned,No,,,,,,,,,,,,,,,,,,,,,,,,,,,,,,,,,,,,,,,,539563379,49a944d5-da5b-479d-a928-460542235594,2025-08-15,,,submitted_via_web,,vAW8NdMgcmAyapkC7bYNq5,,69
2025-08-15,2025-08-15,14.028273 101.062887 6.285085859357544 24.829023866213404,14.028273,101.062887,6.285085859,24.82902387,Ongkharak,Bang Luk Suea,Moo 8,Yes,Yes,,Since 2020 or earlier,Female,Buddhist,2,0,No,,Yes,3,No,,,,,,,,,,,No,,,,,,,,,,,No,,,,,,,,,,,,,,,,,,,,,,,,,,,,,,,,,,,,,,,,,0,I am accepting/OK,No change,About the same,No change,Sterilized and vaccinated and returned,No,,,,,,,,,,,,,,,,,,,,,,,,,,,,,,,,,,,,,,,,539563537,f560c787-adbb-4967-a940-8284000bb4d3,2025-08-15,,,submitted_via_web,,vAW8NdMgcmAyapkC7bYNq5,,70
2025-08-15,2025-08-15,14.097641 101.065579 9.003028869628906 3.5354819923250553,14.097641,101.065579,9.00302887,3.535481992,Ongkharak,Bang Luk Suea,Moo 3,Yes,Yes,,Arrived after 2020,Female,Buddhist,2,1,No,,Yes,6,No,,,,,,,,,,,No,,,,,,,,,,,Yes,Attacked my pet Biting me or other adults Chasing me or others Dog fights Saw a rabid dog,0,0,0,1,0,0,1,0,0,0,1,0,0,1,0,0,0,0,1,Attacked my pet Biting me or other adults Biting children Chasing me or others Dog fights Saw a rabid dog,0,0,0,1,0,0,1,1,0,0,1,0,0,1,0,0,0,0,1,10,Neutral,No change,I didn’t live here at the time,No change,Left alone,No,,,,,,,,,,,,,,,,,,,,,,,,,,,,,,,,,,,,,,,,539564023,5d028d23-6bd0-43c7-97c6-a25dd773116a,2025-08-15,,,submitted_via_web,,vAW8NdMgcmAyapkC7bYNq5,,71
2025-08-15,2025-08-15,14.029351 101.062228 -22.200000762939453 39.09000015258789,14.029351,101.062228,-22.20000076,39.09000015,Ongkharak,Bang Luk Suea,Moo 8,Yes,Yes,,Since 2020 or earlier,Female,Buddhist,4,2,No,,No,,No,,,,,,,,,,,No,,,,,,,,,,,No,,,,,,,,,,,,,,,,,,,,,Barking/Howling/Crying,1,0,0,0,0,0,0,0,0,0,0,0,0,0,0,0,0,0,0,0,Neutral,No change,About the same,No change,Sterilized and vaccinated and returned,No,,,,,,,,,,,,,,,,,,,,,,,,,,,,,,,,,,,,,,,,539564840,694ae3b6-0545-44b5-a12b-52550bca4c70,2025-08-15,,,submitted_via_web,,vAW8NdMgcmAyapkC7bYNq5,,72
2025-08-15,2025-08-15,14.029339 101.062204 5.2500250460844775 23.985949297838083,14.029339,101.062204,5.250025046,23.9859493,Ongkharak,Bang Luk Suea,Moo 8,Yes,Yes,,Since 2020 or earlier,Male,Buddhist,4,2,No,,No,,No,,,,,,,,,,,No,,,,,,,,,,,Yes,Barking/Howling/Crying Attacked livestock Chasing me or others,1,0,0,0,1,0,0,0,0,0,0,0,0,0,0,0,0,0,1,Barking/Howling/Crying Pee and poo Chasing me or others,1,1,0,0,0,0,0,0,0,0,0,0,0,0,0,0,0,0,1,4,I do not accept,Increased,More dogs now,Increased,Sterilized and vaccinated and returned,No,,,,,,,,,,,,,,,,,,,,,,,,,,,,,,,,,,,,,,,,539565588,1a46bb29-f539-4711-9098-d582b04d4fc4,2025-08-15,,,submitted_via_web,,vAW8NdMgcmAyapkC7bYNq5,,73
2025-08-15,2025-08-15,14.091108 101.072725 12.746620178222656 3.5355339059327373,14.091108,101.072725,12.74662018,3.535533906,Ongkharak,Bang Luk Suea,Moo 3,Yes,Yes,,Since 2020 or earlier,Female,Buddhist,5,0,No,,No,,No,,,,,,,,,,,No,,,,,,,,,,,Yes,Barking/Howling/Crying Pee and poo Make a mess of garbage Attacked my pet,1,1,1,1,0,0,0,0,0,0,0,0,0,0,0,0,0,0,0,Barking/Howling/Crying Pee and poo Make a mess of garbage Attacked my pet,1,1,1,1,0,0,0,0,0,0,0,0,0,0,0,0,0,0,0,10,I do not accept,Increased,About the same,Increased,Sterilized and vaccinated and returned,No,,,,,,,,,,,,,,,,,,,,,,,,,,,,,,,,,,,,,,,,539567154,416152bb-1c14-4f86-8439-2bd2260e52b9,2025-08-15,,,submitted_via_web,,vAW8NdMgcmAyapkC7bYNq5,,74
2025-08-15,2025-08-15,14.089522 101.074179 14.986213650554419 4.781733971420171,14.089522,101.074179,14.98621365,4.781733971,Ongkharak,Bang Luk Suea,Moo 3,Yes,Yes,,Since 2020 or earlier,Female,Buddhist,5,3,No,,No,,No,,,,,,,,,,,No,,,,,,,,,,,No,,,,,,,,,,,,,,,,,,,,,Barking/Howling/Crying Make a mess of garbage,1,0,1,0,0,0,0,0,0,0,0,0,0,0,0,0,0,0,0,2,I am unhappy,No change,About the same,No change,Sterilized and vaccinated and returned,No,,,,,,,,,,,,,,,,,,,,,,,,,,,,,,,,,,,,,,,,539570229,a2a67f87-cdd8-4930-9307-fc910cb898a1,2025-08-15,,,submitted_via_web,,vAW8NdMgcmAyapkC7bYNq5,,75
2025-08-15,2025-08-15,14.089484 101.074112 8.53294906616211 74.54801066198111,14.089484,101.074112,8.532949066,74.54801066,Ongkharak,Bang Luk Suea,Moo 3,Yes,Yes,,Since 2020 or earlier,Female,Buddhist,2,0,Yes,2,Yes,8,Yes,Food Water Shelter,1,1,1,0,0,0,0,0,0,Yes,Food Water Shelter,1,1,1,0,0,0,0,0,0,No,,,,,,,,,,,,,,,,,,,,,,,,,,,,,,,,,,,,,,,,,0,Neutral,Decreased,Fewer dogs now,No change,Vaccinated and returned to street,No,,,,,,,,,,,,,,,,,,,,,,,,,,,,,,,,,,,,,,,,539571659,2453f1b6-5155-4529-b8da-c8773a219b1e,2025-08-15,,,submitted_via_web,,vAW8NdMgcmAyapkC7bYNq5,,76
2025-08-15,2025-08-15,14.088049 101.072335 5.855323791503906 3.5355339059327373,14.088049,101.072335,5.855323792,3.535533906,Ongkharak,Bang Luk Suea,Moo 3,Yes,Yes,,Since 2020 or earlier,Female,Buddhist,3,0,No,,Yes,1,No,,,,,,,,,,,No,,,,,,,,,,,Yes,Barking/Howling/Crying Attacked livestock,1,0,0,0,1,0,0,0,0,0,0,0,0,0,0,0,0,0,0,Barking/Howling/Crying Attacked livestock,1,0,0,0,1,0,0,0,0,0,0,0,0,0,0,0,0,0,0,6,I do not accept,Increased,Don’t know,No change,Left alone,No,,,,,,,,,,,,,,,,,,,,,,,,,,,,,,,,,,,,,,,,539574006,a4a9d92a-765e-4bfb-b751-516f4fd20b5c,2025-08-15,,,submitted_via_web,,vAW8NdMgcmAyapkC7bYNq5,,77
2025-08-15,2025-08-15,14.087262 101.07149 4.949414986760395 14,14.087262,101.07149,4.949414987,14,Ongkharak,Bang Luk Suea,Moo 3,Yes,Yes,,Since 2020 or earlier,Female,Buddhist,4,0,No,,Yes,2,No,,,,,,,,,,,No,,,,,,,,,,,No,,,,,,,,,,,,,,,,,,,,,,,,,,,,,,,,,,,,,,,,,0,I am unhappy,No change,About the same,No change,Sterilized and vaccinated and returned,No,,,,,,,,,,,,,,,,,,,,,,,,,,,,,,,,,,,,,,,,539574210,94fd87f5-0382-4dcc-bf52-f895402b5f5f,2025-08-15,,,submitted_via_web,,vAW8NdMgcmAyapkC7bYNq5,,78
2025-08-15,2025-08-15,14.088071 101.072339 5.139141368392501 14,14.088071,101.072339,5.139141368,14,Ongkharak,Bang Luk Suea,Moo 3,Yes,Yes,,Arrived after 2020,Male,Buddhist,2,0,No,,No,,No,,,,,,,,,,,No,,,,,,,,,,,No,,,,,,,,,,,,,,,,,,,,,,,,,,,,,,,,,,,,,,,,,1,I am accepting/OK,No change,About the same,No change,Move them away,No,,,,,,,,,,,,,,,,,,,,,,,,,,,,,,,,,,,,,,,,539576236,de81ea64-c011-4ade-808a-13df13e3b1a8,2025-08-15,,,submitted_via_web,,vAW8NdMgcmAyapkC7bYNq5,,79
2025-08-22,2025-08-22,14.091743 100.984346 -29.297882080078125 5.835999965667725,14.091743,100.984346,-29.29788208,5.835999966,Ongkharak,Ongkharak,,Yes,No,,,,,,,,,,,,,,,,,,,,,,,,,,,,,,,,,,,,,,,,,,,,,,,,,,,,,,,,,,,,,,,,,,,,,,,,,,,,,,,,,,,,,,,,,,,,,,,,,,,,,,,,,,,,,,,,,,,,,,,,543718821,6f49a054-5faa-4c46-9b8f-c6226690aa99,2025-08-22,,,submitted_via_web,,vAW8NdMgcmAyapkC7bYNq5,,80
2025-08-22,2025-08-22,14.091689 100.984317 5.534171673469245 6.1609221528252505,14.091689,100.984317,5.534171673,6.160922153,Ongkharak,Ongkharak,Moo 6,Yes,Yes,,Since 2020 or earlier,Female,Buddhist,2,2,No,,Yes,1,No,,,,,,,,,,,No,,,,,,,,,,,No,,,,,,,,,,,,,,,,,,,,,Barking/Howling/Crying Chasing me or others,1,0,0,0,0,0,0,0,0,0,0,0,0,0,0,0,0,0,1,10,I do not accept,Increased,More dogs now,Increased,Rehomed as pets,No,,,,,,,,,,,,,,,,,,,,,,,,,,,,,,,,,,,,,,,,543719141,5966b43c-06b5-4fbd-93c7-3879aadfff7e,2025-08-22,,,submitted_via_web,,vAW8NdMgcmAyapkC7bYNq5,,81
2025-08-22,2025-08-22,14.09174 100.984485 6.6785617008617635 19.12140682420238,14.09174,100.984485,6.678561701,19.12140682,Ongkharak,Ongkharak,Moo 6,Yes,Yes,,Since 2020 or earlier,Male,Buddhist,2,1,No,,No,,No,,,,,,,,,,,No,,,,,,,,,,,Yes,Barking/Howling/Crying,1,0,0,0,0,0,0,0,0,0,0,0,0,0,0,0,0,0,0,,,,,,,,,,,,,,,,,,,,,2,Neutral,Decreased,Fewer dogs now,Decreased,Sterilized and vaccinated and returned,No,,,,,,,,,,,,,,,,,,,,,,,,,,,,,,,,,,,,,,,,543719311,af6b677b-32a7-4c0c-a7a8-8734be5e2304,2025-08-22,,,submitted_via_web,,vAW8NdMgcmAyapkC7bYNq5,,82
2025-08-22,2025-08-22,14.092172 100.98512 4.535712408938135 3.4640836169095874,14.092172,100.98512,4.535712409,3.464083617,Ongkharak,Ongkharak,Moo 6,Yes,Yes,,Since 2020 or earlier,Male,Buddhist,2,0,No,,No,,No,,,,,,,,,,,No,,,,,,,,,,,Yes,Pee and poo Make a mess of garbage Unsightly sexual behavior Dog fights Destroy my property,0,1,1,0,0,0,0,0,0,1,1,0,1,0,0,0,0,0,0,Pee and poo Make a mess of garbage Unsightly sexual behavior Dog fights Destroy my property,0,1,1,0,0,0,0,0,0,1,1,0,1,0,0,0,0,0,0,15,I do not accept,Increased,More dogs now,Increased,Sterilized and vaccinated and returned,No,,,,,,,,,,,,,,,,,,,,,,,,,,,,,,,,,,,,,,,,543720151,e3ea96cc-cb71-4905-99af-3c6db9093f6c,2025-08-22,,,submitted_via_web,,vAW8NdMgcmAyapkC7bYNq5,,83
2025-08-22,2025-08-22,14.088217 100.98687 -23 65.20999908447266,14.088217,100.98687,-23,65.20999908,Ongkharak,Ongkharak,Moo 4,Yes,Yes,,Since 2020 or earlier,Female,Buddhist,3,0,No,,Yes,3,Yes,Food Water,1,1,0,0,0,0,0,0,0,No,,,,,,,,,,,Yes,Barking/Howling/Crying,1,0,0,0,0,0,0,0,0,0,0,0,0,0,0,0,0,0,0,Barking/Howling/Crying,1,0,0,0,0,0,0,0,0,0,0,0,0,0,0,0,0,0,0,5,Neutral,No change,About the same,No change,Left alone,No,,,,,,,,,,,,,,,,,,,,,,,,,,,,,,,,,,,,,,,,543720248,68fd8667-3058-4199-94f7-b0c587425ec2,2025-08-22,,,submitted_via_web,,vAW8NdMgcmAyapkC7bYNq5,,84
2025-08-22,2025-08-22,14.092582 100.984396 -23.799999237060547 3.7899999618530273,14.092582,100.984396,-23.79999924,3.789999962,Ongkharak,Ongkharak,,Yes,Yes,,Since 2020 or earlier,Male,Buddhist,5,0,No,,No,,Yes,Food,1,0,0,0,0,0,0,0,0,Yes,Food,1,0,0,0,0,0,0,0,0,Yes,Barking/Howling/Crying Unsightly sexual behavior Chase me on bike/motorbike,1,0,0,0,0,0,0,0,0,1,0,1,0,0,0,0,0,0,0,Barking/Howling/Crying Unsightly sexual behavior Chase me on bike/motorbike,1,0,0,0,0,0,0,0,0,1,0,1,0,0,0,0,0,0,0,20,I am unhappy,Increased,More dogs now,Increased,Sterilized and vaccinated and returned,No,,,,,,,,,,,,,,,,,,,,,,,,,,,,,,,,,,,,,,,,543720660,a4f0bd2d-b938-457e-9d37-7b797465bbc2,2025-08-22,,,submitted_via_web,,vAW8NdMgcmAyapkC7bYNq5,,85
2025-08-22,2025-08-22,14.091821 100.985008 6.6765642166137695 76.00260027777702,14.091821,100.985008,6.676564217,76.00260028,Ongkharak,Ongkharak,Moo 6,Yes,Yes,,<12 months,Female,Buddhist,2,2,No,,Yes,1,No,,,,,,,,,,,No,,,,,,,,,,,Yes,Attacked my pet Chasing me or others,0,0,0,1,0,0,0,0,0,0,0,0,0,0,0,0,0,0,1,Barking/Howling/Crying Chasing me or others,1,0,0,0,0,0,0,0,0,0,0,0,0,0,0,0,0,0,1,6,I am unhappy,Increased,,No change,Sterilized and vaccinated and returned,No,,,,,,,,,,,,,,,,,,,,,,,,,,,,,,,,,,,,,,,,543720680,2f43c68a-cfc3-4e36-b433-11f6ff12d2c7,2025-08-22,,,submitted_via_web,,vAW8NdMgcmAyapkC7bYNq5,,86
2025-08-22,2025-08-22,14.087795 100.991171 -23 6.4730000495910645,14.087795,100.991171,-23,6.47300005,Ongkharak,Ongkharak,Moo 4,Yes,Yes,,Since 2020 or earlier,Male,Buddhist,2,1,No,,No,,No,,,,,,,,,,,No,,,,,,,,,,,No,,,,,,,,,,,,,,,,,,,,,,,,,,,,,,,,,,,,,,,,,1,Neutral,No change,About the same,No change,Left alone,No,,,,,,,,,,,,,,,,,,,,,,,,,,,,,,,,,,,,,,,,543721069,1525a1ef-3fdd-4afb-892c-b37aade3cbad,2025-08-22,,,submitted_via_web,,vAW8NdMgcmAyapkC7bYNq5,,87
2025-08-22,2025-08-22,14.087588 100.992097 -24.399999618530273 116.0999984741211,14.087588,100.992097,-24.39999962,116.0999985,Ongkharak,Ongkharak,Moo 4,Yes,Yes,,Since 2020 or earlier,Female,Buddhist,3,3,Yes,1,No,,No,,,,,,,,,,,No,,,,,,,,,,,Yes,Barking/Howling/Crying,1,0,0,0,0,0,0,0,0,0,0,0,0,0,0,0,0,0,0,Barking/Howling/Crying,1,0,0,0,0,0,0,0,0,0,0,0,0,0,0,0,0,0,0,2,I do not accept,No change,About the same,No change,Left alone,No,,,,,,,,,,,,,,,,,,,,,,,,,,,,,,,,,,,,,,,,543721898,f4a4a32b-d6ec-4e64-8946-00215ca0e3cc,2025-08-22,,,submitted_via_web,,vAW8NdMgcmAyapkC7bYNq5,,88
2025-08-22,2025-08-22,14.092826 100.985401 2.876248584432407 35.28738333470815,14.092826,100.985401,2.876248584,35.28738333,Ongkharak,Ongkharak,Moo 6,Yes,Yes,,Since 2020 or earlier,Female,Buddhist,4,1,No,,Yes,2,No,,,,,,,,,,,No,,,,,,,,,,,Yes,Make a mess of garbage,0,0,1,0,0,0,0,0,0,0,0,0,0,0,0,0,0,0,0,Make a mess of garbage,0,0,1,0,0,0,0,0,0,0,0,0,0,0,0,0,0,0,0,4,Neutral,No change,About the same,No change,Left alone,No,,,,,,,,,,,,,,,,,,,,,,,,,,,,,,,,,,,,,,,,543722023,deb455ef-bf3a-4c86-9821-c4727d4b2bf3,2025-08-22,,,submitted_via_web,,vAW8NdMgcmAyapkC7bYNq5,,89
2025-08-22,2025-08-22,14.097033 100.985808 25.100000381469727 6.664000034332275,14.097033,100.985808,25.10000038,6.664000034,Ongkharak,Ongkharak,Moo 6,Yes,Yes,,Since 2020 or earlier,Female,Buddhist,9,0,Yes,1,Yes,2,Yes,Food Water Shelter,1,1,1,0,0,0,0,0,0,Yes,Food Water Shelter,1,1,1,0,0,0,0,0,0,Yes,Barking/Howling/Crying Pee and poo Dog fights,1,1,0,0,0,0,0,0,0,0,1,0,0,0,0,0,0,0,0,Barking/Howling/Crying Pee and poo Unsightly sexual behavior,1,1,0,0,0,0,0,0,0,1,0,0,0,0,0,0,0,0,0,18,I am accepting/OK,Decreased,More dogs now,Increased,Sterilized and vaccinated and returned,No,,,,,,,,,,,,,,,,,,,,,,,,,,,,,,,,,,,,,,,,543722409,e8c3bfdf-d27b-4361-ba44-9056ad2fc799,2025-08-22,,,submitted_via_web,,vAW8NdMgcmAyapkC7bYNq5,,90
2025-08-22,2025-08-22,14.087189 100.991194 -23.600000381469727 10.135000228881836,14.087189,100.991194,-23.60000038,10.13500023,Ongkharak,Ongkharak,Moo 4,Yes,Yes,,Since 2020 or earlier,Female,Buddhist,2,0,No,,No,,No,,,,,,,,,,,No,,,,,,,,,,,No,,,,,,,,,,,,,,,,,,,,,,,,,,,,,,,,,,,,,,,,,3,Neutral,No change,About the same,No change,Left alone,No,,,,,,,,,,,,,,,,,,,,,,,,,,,,,,,,,,,,,,,,543722792,b4df0670-51f0-4fa5-8f4a-055ef57c562d,2025-08-22,,,submitted_via_web,,vAW8NdMgcmAyapkC7bYNq5,,91
2025-08-22,2025-08-22,14.08721 100.991147 -23.600000381469727 13.017000198364258,14.08721,100.991147,-23.60000038,13.0170002,Ongkharak,Ongkharak,Moo 4,Yes,Yes,,Since 2020 or earlier,Female,Buddhist,5,1,No,,No,,No,,,,,,,,,,,No,,,,,,,,,,,No,,,,,,,,,,,,,,,,,,,,,,,,,,,,,,,,,,,,,,,,,0,Neutral,No change,About the same,No change,Left alone,No,,,,,,,,,,,,,,,,,,,,,,,,,,,,,,,,,,,,,,,,543723084,acb41eb1-b0b3-4518-8500-ee32be38b8a9,2025-08-22,,,submitted_via_web,,vAW8NdMgcmAyapkC7bYNq5,,92
2025-08-22,2025-08-22,14.103536 100.99131 -15.899999618530273 26.2549991607666,14.103536,100.99131,-15.89999962,26.25499916,Ongkharak,Ongkharak,Moo 6,Yes,Yes,,Since 2020 or earlier,Female,Buddhist,8,0,Yes,1,Yes,1,No,,,,,,,,,,,No,,,,,,,,,,,Yes,Barking/Howling/Crying Pee and poo Make a mess of garbage,1,1,1,0,0,0,0,0,0,0,0,0,0,0,0,0,0,0,0,Barking/Howling/Crying Pee and poo Make a mess of garbage,1,1,1,0,0,0,0,0,0,0,0,0,0,0,0,0,0,0,0,100,I am unhappy,No change,About the same,No change,Sterilized and vaccinated and returned,No,,,,,,,,,,,,,,,,,,,,,,,,,,,,,,,,,,,,,,,,543723450,a17f8ad4-41b0-41a6-aba1-3f26f1b51ee2,2025-08-22,,,submitted_via_web,,vAW8NdMgcmAyapkC7bYNq5,,93
2025-08-22,2025-08-22,14.099766 100.989205 6.996248584432404 60.71991796462966,14.099766,100.989205,6.996248584,60.71991796,Ongkharak,Ongkharak,Moo 6,Yes,Yes,,Since 2020 or earlier,Female,Buddhist,2,0,No,,Yes,3,No,,,,,,,,,,,No,,,,,,,,,,,No,,,,,,,,,,,,,,,,,,,,,Unsightly sexual behavior,0,0,0,0,0,0,0,0,0,1,0,0,0,0,0,0,0,0,0,0,I am accepting/OK,Decreased,Fewer dogs now,No change,Left alone,No,,,,,,,,,,,,,,,,,,,,,,,,,,,,,,,,,,,,,,,,543723512,5db7c944-032a-4ef7-a36d-b27f8e5307d1,2025-08-22,,,submitted_via_web,,vAW8NdMgcmAyapkC7bYNq5,,94
2025-08-22,2025-08-22,14.101426 100.991373 6.590952529907227 45.70809888906163,14.101426,100.991373,6.59095253,45.70809889,Ongkharak,Ongkharak,Moo 6,Yes,Yes,,Since 2020 or earlier,Female,Buddhist,2,2,No,,Yes,2,No,,,,,,,,,,,No,,,,,,,,,,,No,,,,,,,,,,,,,,,,,,,,,,,,,,,,,,,,,,,,,,,,,0,I am accepting/OK,No change,Fewer dogs now,Decreased,Sterilized and vaccinated and returned,Yes,1,,,,,,,,,,,,,,,,,,,,,,,,,,,,,,,,,,,,,,,543723736,60064d5c-6bd4-4d25-b20a-2cd1e189bc35,2025-08-22,,,submitted_via_web,,vAW8NdMgcmAyapkC7bYNq5,,95
2025-08-22,2025-08-22,14.08763 100.992065 -24.200000762939453 68.4000015258789,14.08763,100.992065,-24.20000076,68.40000153,Ongkharak,Ongkharak,Moo 4,Yes,Yes,,Since 2020 or earlier,Female,Buddhist,2,2,Yes,1,No,,No,,,,,,,,,,,No,,,,,,,,,,,Yes,Barking/Howling/Crying Attacked livestock,1,0,0,0,1,0,0,0,0,0,0,0,0,0,0,0,0,0,0,Barking/Howling/Crying Attacked livestock,1,0,0,0,1,0,0,0,0,0,0,0,0,0,0,0,0,0,0,2,Neutral,No change,About the same,No change,Left alone,Yes,1,,,,,,,,,,,,,,,,,,,,,,,,,,,,,,,,,,,,,,,543723861,ab1ba2e6-ed55-4fc6-bf03-e5b537eb058b,2025-08-22,,,submitted_via_web,,vAW8NdMgcmAyapkC7bYNq5,,96
2025-08-22,2025-08-22,14.087636 100.992061 -24.200000762939453 92.9000015258789,14.087636,100.992061,-24.20000076,92.90000153,Ongkharak,Ongkharak,Moo 4,Yes,No,,,,,,,,,,,,,,,,,,,,,,,,,,,,,,,,,,,,,,,,,,,,,,,,,,,,,,,,,,,,,,,,,,,,,,,,,,,,,,,,,,,,,,,,,,,,,,,,,,,,,,,,,,,,,,,,,,,,,,,,543724114,6456a55f-a776-4842-aa97-3355d585eb1c,2025-08-22,,,submitted_via_web,,vAW8NdMgcmAyapkC7bYNq5,,97
2025-08-22,2025-08-22,14.103647 100.991075 -15.299999237060547 4.057000160217285,14.103647,100.991075,-15.29999924,4.05700016,Ongkharak,Ongkharak,Moo 6,Yes,Yes,,Since 2020 or earlier,Female,Buddhist,5,0,No,,No,,No,,,,,,,,,,,No,,,,,,,,,,,Yes,Barking/Howling/Crying Pee and poo Make a mess of garbage,1,1,1,0,0,0,0,0,0,0,0,0,0,0,0,0,0,0,0,Barking/Howling/Crying Pee and poo Make a mess of garbage,1,1,1,0,0,0,0,0,0,0,0,0,0,0,0,0,0,0,0,30,I do not accept,No change,About the same,No change,Sterilized and vaccinated and returned,No,,,,,,,,,,,,,,,,,,,,,,,,,,,,,,,,,,,,,,,,543724345,1f78bbdb-78e2-4976-ad16-2a19b5852593,2025-08-22,,,submitted_via_web,,vAW8NdMgcmAyapkC7bYNq5,,98
2025-08-22,2025-08-22,14.087567 100.992108 -24.399999618530273 60,14.087567,100.992108,-24.39999962,60,Ongkharak,Ongkharak,Moo 4,Yes,Yes,,Since 2020 or earlier,Male,Buddhist,1,2,No,,No,,No,,,,,,,,,,,No,,,,,,,,,,,No,,,,,,,,,,,,,,,,,,,,,,,,,,,,,,,,,,,,,,,,,2,Neutral,No change,Don’t know,No change,Left alone,No,,,,,,,,,,,,,,,,,,,,,,,,,,,,,,,,,,,,,,,,543724960,c1fcd288-94cd-4448-a17e-518b3e319196,2025-08-22,,,submitted_via_web,,vAW8NdMgcmAyapkC7bYNq5,,99
2025-08-22,2025-08-22,14.103745 100.991543 2.925228000325962 51.22420591616726,14.103745,100.991543,2.925228,51.22420592,Ongkharak,Ongkharak,Moo 6,Yes,Yes,,Since 2020 or earlier,Female,Buddhist,4,0,No,,Yes,3,Yes,Food,1,0,0,0,0,0,0,0,0,Yes,Food,1,0,0,0,0,0,0,0,0,No,,,,,,,,,,,,,,,,,,,,,,,,,,,,,,,,,,,,,,,,,20,I am accepting/OK,Increased,More dogs now,No change,Sterilized and vaccinated and returned,No,,,,,,,,,,,,,,,,,,,,,,,,,,,,,,,,,,,,,,,,543725047,0049632b-7e60-4763-a4ab-d7297634484f,2025-08-22,,,submitted_via_web,,vAW8NdMgcmAyapkC7bYNq5,,100
2025-08-22,2025-08-22,14.103918 100.991259 -16.100000381469727 7.96999979019165,14.103918,100.991259,-16.10000038,7.96999979,Ongkharak,Ongkharak,Moo 6,Yes,Yes,,Since 2020 or earlier,Male,Buddhist,6,1,No,,Yes,1,Yes,Food,1,0,0,0,0,0,0,0,0,Yes,Food,1,0,0,0,0,0,0,0,0,Yes,Barking/Howling/Crying Pee and poo Make a mess of garbage,1,1,1,0,0,0,0,0,0,0,0,0,0,0,0,0,0,0,0,Barking/Howling/Crying Pee and poo Make a mess of garbage,1,1,1,0,0,0,0,0,0,0,0,0,0,0,0,0,0,0,0,20,Neutral,No change,About the same,No change,Sterilized and vaccinated and returned,No,,,,,,,,,,,,,,,,,,,,,,,,,,,,,,,,,,,,,,,,543725068,e99bd5c6-7245-4c33-979c-4da40680ef46,2025-08-22,,,submitted_via_web,,vAW8NdMgcmAyapkC7bYNq5,,101
2025-08-22,2025-08-22,14.10377 100.991504 4.561514854431152 8.510384902458188,14.10377,100.991504,4.561514854,8.510384902,Ongkharak,Ongkharak,Moo 6,Yes,Yes,,Since 2020 or earlier,Male,Buddhist,3,1,No,,No,,No,,,,,,,,,,,No,,,,,,,,,,,No,,,,,,,,,,,,,,,,,,,,,,,,,,,,,,,,,,,,,,,,,0,Neutral,Decreased,Fewer dogs now,Decreased,Sterilized and vaccinated and returned,No,,,,,,,,,,,,,,,,,,,,,,,,,,,,,,,,,,,,,,,,543725148,2158682d-d2fb-4aba-b47b-95c7a9919968,2025-08-22,,,submitted_via_web,,vAW8NdMgcmAyapkC7bYNq5,,102
2025-08-22,2025-08-22,14.087775 100.992216 -24.200000762939453 8.241000175476074,14.087775,100.992216,-24.20000076,8.241000175,Ongkharak,Ongkharak,Moo 4,Yes,Yes,,Since 2020 or earlier,Male,Buddhist,2,0,Yes,1,No,,No,,,,,,,,,,,No,,,,,,,,,,,Yes,Barking/Howling/Crying,1,0,0,0,0,0,0,0,0,0,0,0,0,0,0,0,0,0,0,Barking/Howling/Crying,1,0,0,0,0,0,0,0,0,0,0,0,0,0,0,0,0,0,0,6,Neutral,No change,About the same,No change,Left alone,Yes,1,,,,,,,,,,,,,,,,,,,,,,,,,,,,,,,,,,,,,,,543725411,dde777f8-5e3f-47e4-b2a2-c9a654816cb5,2025-08-22,,,submitted_via_web,,vAW8NdMgcmAyapkC7bYNq5,,103
2025-08-22,2025-08-22,14.103584 100.991001 -15.399999618530273 68.4000015258789,14.103584,100.991001,-15.39999962,68.40000153,Ongkharak,Ongkharak,Moo 6,Yes,Yes,,Since 2020 or earlier,Female,Buddhist,8,2,No,,No,,No,,,,,,,,,,,No,,,,,,,,,,,Yes,Barking/Howling/Crying,1,0,0,0,0,0,0,0,0,0,0,0,0,0,0,0,0,0,0,Barking/Howling/Crying,1,0,0,0,0,0,0,0,0,0,0,0,0,0,0,0,0,0,0,20,I do not accept,No change,About the same,No change,Sterilized and vaccinated and returned,No,,,,,,,,,,,,,,,,,,,,,,,,,,,,,,,,,,,,,,,,543725702,0e6f979d-2038-4b1c-a718-5f3e49fee249,2025-08-22,,,submitted_via_web,,vAW8NdMgcmAyapkC7bYNq5,,104
2025-07-31,2025-08-22,14.099275 100.98679 -22.399999618530273 48.900001525878906,14.099275,100.98679,-22.39999962,48.90000153,Ongkharak,Ongkharak,,Yes,Yes,,Since 2020 or earlier,Male,Buddhist,3,1,No,,Yes,1,No,,,,,,,,,,,No,,,,,,,,,,,No,,,,,,,,,,,,,,,,,,,,,Barking/Howling/Crying Pee and poo Make a mess of garbage,1,1,1,0,0,0,0,0,0,0,0,0,0,0,0,0,0,0,0,10,Neutral,No change,More dogs now,Increased,Sterilized and returned to street,No,,,,,,,,,,,,,,,,,,,,,,,,,,,,,,,,,,,,,,,,543725816,21f7502f-c3a6-45eb-bd44-aaf640837865,2025-08-22,,,submitted_via_web,,vAW8NdMgcmAyapkC7bYNq5,,105
2025-08-22,2025-08-22,14.087566 100.99258 -24.200000762939453 17.224000930786133,14.087566,100.99258,-24.20000076,17.22400093,Ongkharak,Ongkharak,Moo 4,Yes,Yes,,Since 2020 or earlier,Female,Buddhist,4,1,No,,No,,Yes,Food Water Shelter,1,1,1,0,0,0,0,0,0,Yes,Food Water Shelter,1,1,1,0,0,0,0,0,0,Yes,Barking/Howling/Crying Pee and poo Make a mess of garbage,1,1,1,0,0,0,0,0,0,0,0,0,0,0,0,0,0,0,0,Barking/Howling/Crying Pee and poo Make a mess of garbage,1,1,1,0,0,0,0,0,0,0,0,0,0,0,0,0,0,0,0,3,I do not accept,No change,About the same,No change,Left alone,No,,,,,,,,,,,,,,,,,,,,,,,,,,,,,,,,,,,,,,,,543725904,be2aef8f-ffca-4d8c-9122-a0a1fe49adb9,2025-08-22,,,submitted_via_web,,vAW8NdMgcmAyapkC7bYNq5,,106
2025-08-22,2025-08-22,14.104125 100.991431 -1.738855257844513 20.88104648946718,14.104125,100.991431,-1.738855258,20.88104649,Ongkharak,Ongkharak,Moo 6,Yes,Yes,,Since 2020 or earlier,Male,Muslim,7,2,No,,No,,No,,,,,,,,,,,No,,,,,,,,,,,No,,,,,,,,,,,,,,,,,,,,,Barking/Howling/Crying Biting me or other adults,1,0,0,0,0,0,1,0,0,0,0,0,0,0,0,0,0,0,0,0,I do not accept,Increased,More dogs now,Increased,Taken to shelter,Yes,1,,,,,,,,,,,,,,,,,,,,,,,,,,,,,,,,,,,,,,,543725923,da85f8ac-b527-4b4d-8675-2ada4313c1e1,2025-08-22,,,submitted_via_web,,vAW8NdMgcmAyapkC7bYNq5,,107
2025-08-22,2025-08-22,14.104695 100.992496 -23.100000381469727 3.7899999618530273,14.104695,100.992496,-23.10000038,3.789999962,Ongkharak,Ongkharak,Moo 6,Yes,Yes,,Since 2020 or earlier,Female,Buddhist,6,0,No,,No,,No,,,,,,,,,,,No,,,,,,,,,,,Yes,Barking/Howling/Crying Pee and poo Make a mess of garbage Unsightly sexual behavior Dog fights,1,1,1,0,0,0,0,0,0,1,1,0,0,0,0,0,0,0,0,Barking/Howling/Crying Pee and poo Make a mess of garbage Unsightly sexual behavior Dog fights,1,1,1,0,0,0,0,0,0,1,1,0,0,0,0,0,0,0,0,15,I am unhappy,Increased,More dogs now,No change,Sterilized and vaccinated and returned,No,,,,,,,,,,,,,,,,,,,,,,,,,,,,,,,,,,,,,,,,543726174,c87037ab-12ec-4299-a460-b8197f4a3e6d,2025-08-22,,,submitted_via_web,,vAW8NdMgcmAyapkC7bYNq5,,108
2025-08-22,2025-08-22,14.104629 100.992516 -23.100000381469727 4.334000110626221,14.104629,100.992516,-23.10000038,4.334000111,Ongkharak,Ongkharak,Moo 6,Yes,Yes,,Since 2020 or earlier,Female,Buddhist,5,0,No,,No,,No,,,,,,,,,,,No,,,,,,,,,,,Yes,Make a mess of garbage,0,0,1,0,0,0,0,0,0,0,0,0,0,0,0,0,0,0,0,Make a mess of garbage,0,0,1,0,0,0,0,0,0,0,0,0,0,0,0,0,0,0,0,5,Neutral,No change,About the same,No change,Sterilized and vaccinated and returned,No,,,,,,,,,,,,,,,,,,,,,,,,,,,,,,,,,,,,,,,,543726670,4f774534-d9bc-46fe-bbe2-5dc5e1c9b704,2025-08-22,,,submitted_via_web,,vAW8NdMgcmAyapkC7bYNq5,,109
2025-08-22,2025-08-22,14.104118 100.991093 2.925228000325962 31.39763767027908,14.104118,100.991093,2.925228,31.39763767,Ongkharak,Ongkharak,Moo 6,Yes,Yes,,Since 2020 or earlier,Male,Buddhist,2,2,No,,Yes,2,No,,,,,,,,,,,No,,,,,,,,,,,No,,,,,,,,,,,,,,,,,,,,,,,,,,,,,,,,,,,,,,,,,8,Neutral,No change,About the same,No change,Left alone,No,,,,,,,,,,,,,,,,,,,,,,,,,,,,,,,,,,,,,,,,543726983,abb9a1ba-00e9-47fa-bdeb-8f922b0d461e,2025-08-22,,,submitted_via_web,,vAW8NdMgcmAyapkC7bYNq5,,110
2025-08-22,2025-08-22,14.08723 100.992626 -24.399999618530273 12.074999809265137,14.08723,100.992626,-24.39999962,12.07499981,Ongkharak,Ongkharak,Moo 4,Yes,Yes,,Since 2020 or earlier,Female,Buddhist,3,0,Yes,1,Yes,1,Yes,Food Water,1,1,0,0,0,0,0,0,0,Yes,Food Water,1,1,0,0,0,0,0,0,0,Yes,Pee and poo Make a mess of garbage,0,1,1,0,0,0,0,0,0,0,0,0,0,0,0,0,0,0,0,Pee and poo,0,1,0,0,0,0,0,0,0,0,0,0,0,0,0,0,0,0,0,5,I am unhappy,Increased,More dogs now,Increased,Left alone,No,,,,,,,,,,,,,,,,,,,,,,,,,,,,,,,,,,,,,,,,543727024,3b174a82-ed1a-4b6a-92c9-436ccb21e71c,2025-08-22,,,submitted_via_web,,vAW8NdMgcmAyapkC7bYNq5,,111
2025-08-22,2025-08-22,14.123197 101.012448 5.398719793161437 16.099485734799558,14.123197,101.012448,5.398719793,16.09948573,Ongkharak,Ongkharak,Moo 3,Yes,Yes,,Since 2020 or earlier,Male,Buddhist,4,0,No,,Yes,4,No,,,,,,,,,,,No,,,,,,,,,,,No,,,,,,,,,,,,,,,,,,,,,,,,,,,,,,,,,,,,,,,,,0,Neutral,No change,About the same,No change,Taken to shelter,No,,,,,,,,,,,,,,,,,,,,,,,,,,,,,,,,,,,,,,,,543727375,b98ee21f-fa32-48e6-9818-3dae92a78a93,2025-08-22,,,submitted_via_web,,vAW8NdMgcmAyapkC7bYNq5,,112
2025-08-22,2025-08-22,14.105832 100.993448 5.471105438657105 10.458832271562391,14.105832,100.993448,5.471105439,10.45883227,Ongkharak,Ongkharak,Moo 6,Yes,Yes,,Arrived after 2020,Male,Buddhist,3,1,No,,Yes,1,No,,,,,,,,,,,No,,,,,,,,,,,Yes,Barking/Howling/Crying Chasing me or others,1,0,0,0,0,0,0,0,0,0,0,0,0,0,0,0,0,0,1,Barking/Howling/Crying Chasing me or others,1,0,0,0,0,0,0,0,0,0,0,0,0,0,0,0,0,0,1,10,I am accepting/OK,Increased,More dogs now,Decreased,Sterilized and vaccinated and returned,No,,,,,,,,,,,,,,,,,,,,,,,,,,,,,,,,,,,,,,,,543727633,e774995c-e46f-4fbd-973f-267199947742,2025-08-22,,,submitted_via_web,,vAW8NdMgcmAyapkC7bYNq5,,113
2025-08-22,2025-08-22,,,,,,Ongkharak,Ongkharak,Moo 3,Yes,Yes,,Since 2020 or earlier,Male,Buddhist,1,0,No,,No,,No,,,,,,,,,,,No,,,,,,,,,,,No,,,,,,,,,,,,,,,,,,,,,Barking/Howling/Crying Pee and poo Concern for puppies,1,1,0,0,0,0,0,0,0,0,0,0,0,0,0,1,0,0,0,3,Neutral,No change,Don’t know,No change,Sterilized and returned to street,No,,,,,,,,,,,,,,,,,,,,,,,,,,,,,,,,,,,,,,,,543727889,82a03011-a001-46d0-ab1c-5ec3632460c6,2025-08-22,,,submitted_via_web,,vAW8NdMgcmAyapkC7bYNq5,,114
2025-08-22,2025-08-22,14.123215 101.012483 5.398719793161437 20.99999711840931,14.123215,101.012483,5.398719793,20.99999712,Ongkharak,Ongkharak,Moo 3,Yes,Yes,,Since 2020 or earlier,Female,Buddhist,2,3,No,,No,,No,,,,,,,,,,,No,,,,,,,,,,,No,,,,,,,,,,,,,,,,,,,,,,,,,,,,,,,,,,,,,,,,,0,Neutral,No change,About the same,No change,Left alone,No,,,,,,,,,,,,,,,,,,,,,,,,,,,,,,,,,,,,,,,,543728085,cc48bb3e-73ea-4e31-bfc5-ea60157d7824,2025-08-22,,,submitted_via_web,,vAW8NdMgcmAyapkC7bYNq5,,115
2025-08-22,2025-08-22,14.087425 100.992994 -22.899999618530273 7.500999927520752,14.087425,100.992994,-22.89999962,7.500999928,Ongkharak,Ongkharak,Moo 4,Yes,Yes,,Since 2020 or earlier,Female,Buddhist,2,3,No,,Yes,1,No,,,,,,,,,,,No,,,,,,,,,,,No,,,,,,,,,,,,,,,,,,,,,,,,,,,,,,,,,,,,,,,,,0,Neutral,No change,Don’t know,No change,Left alone,No,,,,,,,,,,,,,,,,,,,,,,,,,,,,,,,,,,,,,,,,543728197,8fc6a814-35e2-4514-827f-6a2cff940481,2025-08-22,,,submitted_via_web,,vAW8NdMgcmAyapkC7bYNq5,,116
2025-08-22,2025-08-22,14.104677 100.992603 -23.100000381469727 5.585000038146973,14.104677,100.992603,-23.10000038,5.585000038,Ongkharak,Ongkharak,Moo 6,Yes,Yes,,Since 2020 or earlier,Male,Buddhist,3,1,No,,No,,No,,,,,,,,,,,No,,,,,,,,,,,Yes,Barking/Howling/Crying Make a mess of garbage Dog fights,1,0,1,0,0,0,0,0,0,0,1,0,0,0,0,0,0,0,0,Barking/Howling/Crying Make a mess of garbage Dog fights,1,0,1,0,0,0,0,0,0,0,1,0,0,0,0,0,0,0,0,8,Neutral,No change,About the same,No change,Sterilized and vaccinated and returned,No,,,,,,,,,,,,,,,,,,,,,,,,,,,,,,,,,,,,,,,,543728263,14a1179e-f2f3-48f2-9fa4-1e3f11afe2cc,2025-08-22,,,submitted_via_web,,vAW8NdMgcmAyapkC7bYNq5,,117
2025-08-22,2025-08-22,14.106341 100.993131 2.925228000325962 18.741075562716876,14.106341,100.993131,2.925228,18.74107556,Ongkharak,Ongkharak,Moo 6,Yes,Yes,,Since 2020 or earlier,Male,Buddhist,6,2,No,,Yes,4,No,,,,,,,,,,,No,,,,,,,,,,,Yes,Attacked livestock Unsightly sexual behavior,0,0,0,0,1,0,0,0,0,1,0,0,0,0,0,0,0,0,0,Attacked livestock Unsightly sexual behavior,0,0,0,0,1,0,0,0,0,1,0,0,0,0,0,0,0,0,0,10,Neutral,Increased,More dogs now,No change,Rehomed as pets,No,,,,,,,,,,,,,,,,,,,,,,,,,,,,,,,,,,,,,,,,543728447,2ade4a35-3000-438f-947b-e4c214722df5,2025-08-22,,,submitted_via_web,,vAW8NdMgcmAyapkC7bYNq5,,118
2025-08-22,2025-08-22,14.08749 100.993448 -24.299999237060547 25.229000091552734,14.08749,100.993448,-24.29999924,25.22900009,Ongkharak,Ongkharak,Moo 4,Yes,No,,,,,,,,,,,,,,,,,,,,,,,,,,,,,,,,,,,,,,,,,,,,,,,,,,,,,,,,,,,,,,,,,,,,,,,,,,,,,,,,,,,,,,,,,,,,,,,,,,,,,,,,,,,,,,,,,,,,,,,,543728451,380c00eb-66da-44c7-b63e-18506899ea47,2025-08-22,,,submitted_via_web,,vAW8NdMgcmAyapkC7bYNq5,,119
2025-08-22,2025-08-22,14.10667 100.993946 6.589208272701725 25.808657149329953,14.10667,100.993946,6.589208273,25.80865715,Ongkharak,Ongkharak,Moo 6,Yes,Yes,,Arrived after 2020,Male,Buddhist,6,1,No,,Yes,2,No,,,,,,,,,,,No,,,,,,,,,,,Yes,Barking/Howling/Crying,1,0,0,0,0,0,0,0,0,0,0,0,0,0,0,0,0,0,0,Barking/Howling/Crying,1,0,0,0,0,0,0,0,0,0,0,0,0,0,0,0,0,0,0,10,I am accepting/OK,Decreased,Fewer dogs now,Decreased,Sterilized and vaccinated and returned,No,,,,,,,,,,,,,,,,,,,,,,,,,,,,,,,,,,,,,,,,543728956,102f94f6-9b99-45d4-8945-fefa5d9b9fa1,2025-08-22,,,submitted_via_web,,vAW8NdMgcmAyapkC7bYNq5,,120
2025-08-22,2025-08-22,14.087353 100.993707 -24.299999237060547 82.5,14.087353,100.993707,-24.29999924,82.5,Ongkharak,Ongkharak,Moo 4,Yes,Yes,,Arrived after 2020,Female,Buddhist,2,0,No,,No,,No,,,,,,,,,,,No,,,,,,,,,,,Yes,Barking/Howling/Crying,1,0,0,0,0,0,0,0,0,0,0,0,0,0,0,0,0,0,0,Barking/Howling/Crying,1,0,0,0,0,0,0,0,0,0,0,0,0,0,0,0,0,0,0,2,I do not accept,No change,About the same,No change,Left alone,No,,,,,,,,,,,,,,,,,,,,,,,,,,,,,,,,,,,,,,,,543728963,67f5eb83-6e14-4b10-bf5c-fa1506da8d43,2025-08-22,,,submitted_via_web,,vAW8NdMgcmAyapkC7bYNq5,,121
2025-08-22,2025-08-22,14.123302 101.01244 5.398719793161437 19.99591642589029,14.123302,101.01244,5.398719793,19.99591643,Ongkharak,Ongkharak,Moo 3,Yes,Yes,,Arrived after 2020,Female,Buddhist,7,2,No,,Yes,4,No,,,,,,,,,,,No,,,,,,,,,,,No,,,,,,,,,,,,,,,,,,,,,,,,,,,,,,,,,,,,,,,,,5,Neutral,No change,I didn’t live here at the time,No change,Left alone,No,,,,,,,,,,,,,,,,,,,,,,,,,,,,,,,,,,,,,,,,543729737,57d74050-58bd-4adb-8704-efcffd17a772,2025-08-22,,,submitted_via_web,,vAW8NdMgcmAyapkC7bYNq5,,122
2025-08-22,2025-08-22,14.088039 100.994857 -24.5 24.899999618530273,14.088039,100.994857,-24.5,24.89999962,Ongkharak,Ongkharak,Moo 4,Yes,Yes,,Since 2020 or earlier,Male,Buddhist,3,1,No,,Yes,1,No,,,,,,,,,,,No,,,,,,,,,,,No,,,,,,,,,,,,,,,,,,,,,,,,,,,,,,,,,,,,,,,,,2,Neutral,No change,Don’t know,No change,Left alone,Yes,1,,,,,,,,,,,,,,,,,,,,,,,,,,,,,,,,,,,,,,,543729818,07a15888-ed87-4fbf-a5b1-5a983cede7cc,2025-08-22,,,submitted_via_web,,vAW8NdMgcmAyapkC7bYNq5,,123
2025-08-22,2025-08-22,14.1047 100.991661 4.453598359433808 16.031929869334473,14.1047,100.991661,4.453598359,16.03192987,Ongkharak,Ongkharak,Moo 6,Yes,Yes,,Since 2020 or earlier,Female,Buddhist,5,0,Yes,1,No,,No,,,,,,,,,,,No,,,,,,,,,,,No,,,,,,,,,,,,,,,,,,,,,,,,,,,,,,,,,,,,,,,,,0,Neutral,No change,Don’t know,No change,Sterilized and vaccinated and returned,No,,,,,,,,,,,,,,,,,,,,,,,,,,,,,,,,,,,,,,,,543730098,b0e4ea37-7941-46e2-af34-6f98b0bb97ac,2025-08-22,,,submitted_via_web,,vAW8NdMgcmAyapkC7bYNq5,,124
2025-08-22,2025-08-22,,,,,,Ongkharak,Ongkharak,Moo 6,Yes,Yes,,Arrived after 2020,Male,Buddhist,4,1,No,,No,,No,,,,,,,,,,,No,,,,,,,,,,,Yes,Barking/Howling/Crying Biting me or other adults,1,0,0,0,0,0,1,0,0,0,0,0,0,0,0,0,0,0,0,Barking/Howling/Crying Biting me or other adults,1,0,0,0,0,0,1,0,0,0,0,0,0,0,0,0,0,0,0,4,I am accepting/OK,No change,About the same,Decreased,Sterilized and vaccinated and returned,No,,,,,,,,,,,,,,,,,,,,,,,,,,,,,,,,,,,,,,,,543730241,aa777830-0992-47e5-8065-71167615b1aa,2025-08-22,,,submitted_via_web,,vAW8NdMgcmAyapkC7bYNq5,,125
2025-08-22,2025-08-22,14.088039 100.994855 -24.5 36.900001525878906,14.088039,100.994855,-24.5,36.90000153,Ongkharak,Ongkharak,Moo 4,Yes,Yes,,Since 2020 or earlier,Female,Buddhist,4,2,No,,Yes,1,No,,,,,,,,,,,No,,,,,,,,,,,No,,,,,,,,,,,,,,,,,,,,,,,,,,,,,,,,,,,,,,,,,0,Neutral,No change,Don’t know,No change,Left alone,No,,,,,,,,,,,,,,,,,,,,,,,,,,,,,,,,,,,,,,,,543730329,26f06883-51ab-49f4-83af-17e3e7a5fde5,2025-08-22,,,submitted_via_web,,vAW8NdMgcmAyapkC7bYNq5,,126
2025-08-22,2025-08-22,14.08773 100.99484 -24.5 7.855999946594238,14.08773,100.99484,-24.5,7.855999947,Ongkharak,Ongkharak,Moo 4,Yes,Yes,,Since 2020 or earlier,Male,Buddhist,2,0,No,,No,,No,,,,,,,,,,,No,,,,,,,,,,,No,,,,,,,,,,,,,,,,,,,,,,,,,,,,,,,,,,,,,,,,,0,Neutral,No change,Don’t know,No change,Left alone,No,,,,,,,,,,,,,,,,,,,,,,,,,,,,,,,,,,,,,,,,543730765,12ce6889-83ea-441d-88e1-12f2bd44fbab,2025-08-22,,,submitted_via_web,,vAW8NdMgcmAyapkC7bYNq5,,127
2025-08-22,2025-08-22,14.10442 100.991431 2.925228000325962 48.862200829743344,14.10442,100.991431,2.925228,48.86220083,Ongkharak,Ongkharak,Moo 6,Yes,Yes,,Since 2020 or earlier,Male,Buddhist,2,0,Yes,1,Yes,7,No,,,,,,,,,,,No,,,,,,,,,,,No,,,,,,,,,,,,,,,,,,,,,Chasing me or others,0,0,0,0,0,0,0,0,0,0,0,0,0,0,0,0,0,0,1,15,Neutral,Decreased,Fewer dogs now,No change,Left alone,No,,,,,,,,,,,,,,,,,,,,,,,,,,,,,,,,,,,,,,,,543730805,9589e0ff-12b3-46ac-84f2-36b86c04dbcf,2025-08-22,,,submitted_via_web,,vAW8NdMgcmAyapkC7bYNq5,,128
2025-08-22,2025-08-22,,,,,,Ongkharak,Ongkharak,Moo 3,Yes,Yes,,Arrived after 2020,Female,Buddhist,3,1,No,,Yes,1,No,,,,,,,,,,,No,,,,,,,,,,,No,,,,,,,,,,,,,,,,,,,,,Pee and poo,0,1,0,0,0,0,0,0,0,0,0,0,0,0,0,0,0,0,0,4,Neutral,No change,Don’t know,No change,Sterilized and returned to street,No,,,,,,,,,,,,,,,,,,,,,,,,,,,,,,,,,,,,,,,,543731006,248177fe-d327-4b0c-b5df-8a5a19a1ecfc,2025-08-22,,,submitted_via_web,,vAW8NdMgcmAyapkC7bYNq5,,129
2025-08-22,2025-08-22,,,,,,Ongkharak,Ongkharak,Moo 4,Yes,Yes,,Since 2020 or earlier,Male,Buddhist,3,0,No,,No,,No,,,,,,,,,,,No,,,,,,,,,,,No,,,,,,,,,,,,,,,,,,,,,,,,,,,,,,,,,,,,,,,,,2,Neutral,No change,Don’t know,No change,Left alone,No,,,,,,,,,,,,,,,,,,,,,,,,,,,,,,,,,,,,,,,,543731016,8e2e5eee-9fcb-43f9-ab69-81a78d3182be,2025-08-22,,,submitted_via_web,,vAW8NdMgcmAyapkC7bYNq5,,130
2025-08-22,2025-08-22,14.087768 100.996613 -24.5 15.678000450134277,14.087768,100.996613,-24.5,15.67800045,Ongkharak,Ongkharak,Moo 4,Yes,Yes,,Since 2020 or earlier,Male,Buddhist,3,3,No,,No,,No,,,,,,,,,,,No,,,,,,,,,,,No,,,,,,,,,,,,,,,,,,,,,,,,,,,,,,,,,,,,,,,,,0,Neutral,No change,Don’t know,No change,Left alone,No,,,,,,,,,,,,,,,,,,,,,,,,,,,,,,,,,,,,,,,,543731448,2ab95938-4dea-4653-b331-df4a33e2f450,2025-08-22,,,submitted_via_web,,vAW8NdMgcmAyapkC7bYNq5,,131
2025-08-22,2025-08-22,14.087833 100.996627 -33.75103759765625 10.949000358581543,14.087833,100.996627,-33.7510376,10.94900036,Ongkharak,Ongkharak,Moo 4,Yes,Yes,,Since 2020 or earlier,Male,Buddhist,2,0,Yes,1,Yes,1,No,,,,,,,,,,,No,,,,,,,,,,,No,,,,,,,,,,,,,,,,,,,,,,,,,,,,,,,,,,,,,,,,,0,Neutral,No change,Don’t know,No change,Left alone,No,,,,,,,,,,,,,,,,,,,,,,,,,,,,,,,,,,,,,,,,543732033,5568c0b3-14fd-4acd-8db9-ee71cebadd4a,2025-08-22,,,submitted_via_web,,vAW8NdMgcmAyapkC7bYNq5,,132
2025-08-22,2025-08-22,14.123033 101.011365 5.398719793161437 43.750110464089964,14.123033,101.011365,5.398719793,43.75011046,Ongkharak,Ongkharak,Moo 3,Yes,Yes,,Since 2020 or earlier,Male,Buddhist,4,0,Yes,1,Yes,1,No,,,,,,,,,,,No,,,,,,,,,,,Yes,Make a mess of garbage Attacked my pet,0,0,1,1,0,0,0,0,0,0,0,0,0,0,0,0,0,0,0,Make a mess of garbage Attacked my pet,0,0,1,1,0,0,0,0,0,0,0,0,0,0,0,0,0,0,0,10,Neutral,No change,About the same,No change,Sterilized and vaccinated and returned,No,,,,,,,,,,,,,,,,,,,,,,,,,,,,,,,,,,,,,,,,543732496,d9e75186-2f4d-4373-b96f-ed9371fb3f8f,2025-08-22,,,submitted_via_web,,vAW8NdMgcmAyapkC7bYNq5,,133
2025-08-22,2025-08-22,14.087914 100.997505 -33.75103759765625 164.39999389648438,14.087914,100.997505,-33.7510376,164.3999939,Ongkharak,Ongkharak,Moo 4,Yes,Yes,,Since 2020 or earlier,Female,Buddhist,1,0,No,,Yes,2,Yes,Food Water Shelter,1,1,1,0,0,0,0,0,0,Yes,Food Water Shelter,1,1,1,0,0,0,0,0,0,Yes,Barking/Howling/Crying,1,0,0,0,0,0,0,0,0,0,0,0,0,0,0,0,0,0,0,Barking/Howling/Crying,1,0,0,0,0,0,0,0,0,0,0,0,0,0,0,0,0,0,0,6,Neutral,No change,About the same,No change,Left alone,No,,,,,,,,,,,,,,,,,,,,,,,,,,,,,,,,,,,,,,,,543733064,cf29bd20-3cea-4839-bff7-3eece9b515c8,2025-08-22,,,submitted_via_web,,vAW8NdMgcmAyapkC7bYNq5,,134
2025-08-22,2025-08-22,14.088176 100.998202 -23.700000762939453 98.4000015258789,14.088176,100.998202,-23.70000076,98.40000153,Ongkharak,Ongkharak,Moo 4,Yes,Yes,,Since 2020 or earlier,Male,Buddhist,3,0,No,,No,,No,,,,,,,,,,,No,,,,,,,,,,,No,,,,,,,,,,,,,,,,,,,,,,,,,,,,,,,,,,,,,,,,,0,Neutral,No change,Don’t know,No change,Left alone,No,,,,,,,,,,,,,,,,,,,,,,,,,,,,,,,,,,,,,,,,543733841,5d034524-cf0d-47c0-9301-0341f879b679,2025-08-22,,,submitted_via_web,,vAW8NdMgcmAyapkC7bYNq5,,135
2025-08-22,2025-08-22,14.121959 101.010482 5.398719793161437 39.681669522304226,14.121959,101.010482,5.398719793,39.68166952,Ongkharak,Ongkharak,Moo 3,Yes,Yes,,Since 2020 or earlier,Male,Buddhist,4,0,No,,No,,No,,,,,,,,,,,No,,,,,,,,,,,Yes,Barking/Howling/Crying Pee and poo Make a mess of garbage Attacked my pet Chasing me or others Dog fights Destroy my property,1,1,1,1,0,0,0,0,0,0,1,0,1,0,0,0,0,0,1,Barking/Howling/Crying Pee and poo Make a mess of garbage Attacked my pet Biting me or other adults Chasing me or others Dog fights Concern for puppies,1,1,1,1,0,0,1,0,0,0,1,0,0,0,0,1,0,0,1,20,I am unhappy,Increased,About the same,No change,Killed,Yes,1,,,,,,,,,,,,,,,,,,,,,,,,,,,,,,,,,,,,,,,543734075,205dc725-8d60-407a-a314-83a5cf3b823b,2025-08-22,,,submitted_via_web,,vAW8NdMgcmAyapkC7bYNq5,,136
2025-08-22,2025-08-22,14.088149 100.998393 -23.700000762939453 46.30099868774414,14.088149,100.998393,-23.70000076,46.30099869,Ongkharak,Ongkharak,Moo 4,Yes,Yes,,Since 2020 or earlier,Male,Buddhist,1,2,No,,No,,No,,,,,,,,,,,No,,,,,,,,,,,Yes,Barking/Howling/Crying,1,0,0,0,0,0,0,0,0,0,0,0,0,0,0,0,0,0,0,Barking/Howling/Crying,1,0,0,0,0,0,0,0,0,0,0,0,0,0,0,0,0,0,0,2,I do not accept,No change,Don’t know,No change,Left alone,No,,,,,,,,,,,,,,,,,,,,,,,,,,,,,,,,,,,,,,,,543734541,50c93519-2aa4-4d3a-bc99-4ae2faeae63a,2025-08-22,,,submitted_via_web,,vAW8NdMgcmAyapkC7bYNq5,,137
2025-08-22,2025-08-22,,,,,,Ongkharak,Ongkharak,Moo 3,Yes,Yes,,Since 2020 or earlier,Male,Buddhist,2,0,No,,No,,No,,,,,,,,,,,No,,,,,,,,,,,Yes,Barking/Howling/Crying Pee and poo Make a mess of garbage Destroy my property,1,1,1,0,0,0,0,0,0,0,0,0,1,0,0,0,0,0,0,Barking/Howling/Crying Pee and poo Make a mess of garbage Chasing me or others Dog fights,1,1,1,0,0,0,0,0,0,0,1,0,0,0,0,0,0,0,1,5,Neutral,Increased,More dogs now,Increased,Sterilized and returned to street,No,,,,,,,,,,,,,,,,,,,,,,,,,,,,,,,,,,,,,,,,543734815,025fd371-955c-4bff-b166-41215a65996a,2025-08-22,,,submitted_via_web,,vAW8NdMgcmAyapkC7bYNq5,,138
2025-08-22,2025-08-22,14.087943 100.997961 -23.700000762939453 47.233001708984375,14.087943,100.997961,-23.70000076,47.23300171,Ongkharak,Ongkharak,Moo 4,Yes,Yes,,Since 2020 or earlier,Female,Buddhist,6,1,Yes,1,Yes,1,No,,,,,,,,,,,No,,,,,,,,,,,No,,,,,,,,,,,,,,,,,,,,,,,,,,,,,,,,,,,,,,,,,0,Neutral,No change,Don’t know,No change,Left alone,No,,,,,,,,,,,,,,,,,,,,,,,,,,,,,,,,,,,,,,,,543734975,26f4bfe6-07bd-499e-80e5-d49c9ec77ce5,2025-08-22,,,submitted_via_web,,vAW8NdMgcmAyapkC7bYNq5,,139
2025-08-22,2025-08-22,14.087423 100.998232 -23.600000381469727 45.599998474121094,14.087423,100.998232,-23.60000038,45.59999847,Ongkharak,Ongkharak,Moo 4,Yes,Yes,,Since 2020 or earlier,Female,Buddhist,3,2,No,,Yes,3,No,,,,,,,,,,,No,,,,,,,,,,,No,,,,,,,,,,,,,,,,,,,,,,,,,,,,,,,,,,,,,,,,,0,Neutral,No change,Don’t know,No change,Left alone,No,,,,,,,,,,,,,,,,,,,,,,,,,,,,,,,,,,,,,,,,543736521,db5dfaed-6e9b-49ec-8f72-316b4eb68da7,2025-08-22,,,submitted_via_web,,vAW8NdMgcmAyapkC7bYNq5,,140
2025-08-22,2025-08-22,14.0883 100.998593 -23.5 20.399999618530273,14.0883,100.998593,-23.5,20.39999962,Ongkharak,Ongkharak,Moo 4,Yes,Yes,,Since 2020 or earlier,Female,Buddhist,4,2,Yes,1,Yes,1,No,,,,,,,,,,,No,,,,,,,,,,,Yes,Barking/Howling/Crying Make a mess of garbage,1,0,1,0,0,0,0,0,0,0,0,0,0,0,0,0,0,0,0,Barking/Howling/Crying Make a mess of garbage,1,0,1,0,0,0,0,0,0,0,0,0,0,0,0,0,0,0,0,10,I do not accept,No change,About the same,No change,Left alone,No,,,,,,,,,,,,,,,,,,,,,,,,,,,,,,,,,,,,,,,,543738140,9ac45991-a238-409d-a3fa-f3d0536199ef,2025-08-22,,,submitted_via_web,,vAW8NdMgcmAyapkC7bYNq5,,141
2025-08-22,2025-08-22,14.091212 101.041123 6.239173856563866 4.748651530191761,14.091212,101.041123,6.239173857,4.74865153,Ongkharak,Ongkharak,Moo 3,Yes,Yes,,Since 2020 or earlier,Female,Buddhist,4,2,Yes,1,No,,No,,,,,,,,,,,No,,,,,,,,,,,Yes,Barking/Howling/Crying Make a mess of garbage Attacked my pet Dog fights,1,0,1,1,0,0,0,0,0,0,1,0,0,0,0,0,0,0,0,Barking/Howling/Crying Make a mess of garbage Attacked my pet Biting me or other adults Dog fights Injured or sick dog,1,0,1,1,0,0,1,0,0,0,1,0,0,0,1,0,0,0,0,20,I am unhappy,Increased,Don’t know,Increased,Move them away,Yes,1,,,,,,,,,,,,,,,,,,,,,,,,,,,,,,,,,,,,,,,543738690,416100fc-24b5-41fa-9d8d-6b14d69c154c,2025-08-22,,,submitted_via_web,,vAW8NdMgcmAyapkC7bYNq5,,142
2025-08-22,2025-08-22,,,,,,Ongkharak,Ongkharak,Moo 3,Yes,Yes,,Since 2020 or earlier,Female,Buddhist,4,0,No,,Yes,3,No,,,,,,,,,,,No,,,,,,,,,,,No,,,,,,,,,,,,,,,,,,,,,Barking/Howling/Crying Unsightly sexual behavior Concern for puppies,1,0,0,0,0,0,0,0,0,1,0,0,0,0,0,1,0,0,0,6,Neutral,No change,Don’t know,No change,Move them away,No,,,,,,,,,,,,,,,,,,,,,,,,,,,,,,,,,,,,,,,,543740242,3a1bd736-af4b-4f7a-8045-d7c6ac883ee9,2025-08-22,,,submitted_via_web,,vAW8NdMgcmAyapkC7bYNq5,,143
2025-08-22,2025-08-22,,,,,,Ongkharak,Ongkharak,Moo 3,Yes,Yes,,Since 2020 or earlier,Female,Buddhist,3,2,No,,No,,No,,,,,,,,,,,No,,,,,,,,,,,Yes,Barking/Howling/Crying Make a mess of garbage Damaged crops Unsightly sexual behavior,1,0,1,0,0,1,0,0,0,1,0,0,0,0,0,0,0,0,0,Barking/Howling/Crying Pee and poo Make a mess of garbage Attacked my pet Concern for puppies,1,1,1,1,0,0,0,0,0,0,0,0,0,0,0,1,0,0,0,6,I do not accept,No change,More dogs now,No change,Sterilized and returned to street,No,,,,,,,,,,,,,,,,,,,,,,,,,,,,,,,,,,,,,,,,543742348,a5257c74-0b56-433f-af51-b464a6d72378,2025-08-22,,,submitted_via_web,,vAW8NdMgcmAyapkC7bYNq5,,144
2025-08-22,2025-08-22,14.091289 101.040608 6.100013732910156 13.999695466355792,14.091289,101.040608,6.100013733,13.99969547,Ongkharak,Ongkharak,Moo 3,Yes,Yes,,Since 2020 or earlier,Female,Buddhist,3,2,No,,Yes,4,No,,,,,,,,,,,No,,,,,,,,,,,Yes,Barking/Howling/Crying,1,0,0,0,0,0,0,0,0,0,0,0,0,0,0,0,0,0,0,Barking/Howling/Crying,1,0,0,0,0,0,0,0,0,0,0,0,0,0,0,0,0,0,0,20,Neutral,Increased,Fewer dogs now,Increased,Vaccinated and returned to street,No,,,,,,,,,,,,,,,,,,,,,,,,,,,,,,,,,,,,,,,,543742876,f7fcc0df-9161-473e-94d8-5f188743b3dd,2025-08-22,,,submitted_via_web,,vAW8NdMgcmAyapkC7bYNq5,,145
2025-08-22,2025-08-22,,,,,,Ongkharak,Ongkharak,Moo 3,Yes,Yes,,Since 2020 or earlier,Male,Prefer not to say,2,0,No,,Yes,1,No,,,,,,,,,,,No,,,,,,,,,,,Yes,Barking/Howling/Crying Pee and poo Make a mess of garbage,1,1,1,0,0,0,0,0,0,0,0,0,0,0,0,0,0,0,0,Barking/Howling/Crying Pee and poo Make a mess of garbage Attacked livestock Damaged crops Unsightly sexual behavior Dog fights,1,1,1,0,1,1,0,0,0,1,1,0,0,0,0,0,0,0,0,5,Neutral,No change,About the same,No change,Sterilized and returned to street,No,,,,,,,,,,,,,,,,,,,,,,,,,,,,,,,,,,,,,,,,543743174,46e7d741-fa2d-4219-aded-987157756afd,2025-08-22,,,submitted_via_web,,vAW8NdMgcmAyapkC7bYNq5,,146
2025-08-22,2025-08-22,,,,,,Ongkharak,Ongkharak,Moo 3,Yes,Yes,,Since 2020 or earlier,Male,Buddhist,3,0,No,,No,,No,,,,,,,,,,,No,,,,,,,,,,,No,,,,,,,,,,,,,,,,,,,,,Barking/Howling/Crying Make a mess of garbage Dog fights Destroy my property,1,0,1,0,0,0,0,0,0,0,1,0,1,0,0,0,0,0,0,6,I do not accept,No change,More dogs now,Increased,Sterilized and returned to street,No,,,,,,,,,,,,,,,,,,,,,,,,,,,,,,,,,,,,,,,,543744588,2bcf83db-2860-4b0a-9ed3-756dcde1e07f,2025-08-22,,,submitted_via_web,,vAW8NdMgcmAyapkC7bYNq5,,147
2025-08-22,2025-08-22,14.09185 101.040505 9.367897033691406 3.5355339059327373,14.09185,101.040505,9.367897034,3.535533906,Ongkharak,Ongkharak,Moo 3,Yes,Yes,,Since 2020 or earlier,Male,Buddhist,2,0,No,,Yes,2,No,,,,,,,,,,,No,,,,,,,,,,,Yes,Barking/Howling/Crying,1,0,0,0,0,0,0,0,0,0,0,0,0,0,0,0,0,0,0,Barking/Howling/Crying,1,0,0,0,0,0,0,0,0,0,0,0,0,0,0,0,0,0,0,20,I am unhappy,Increased,More dogs now,Increased,Taken to shelter,No,,,,,,,,,,,,,,,,,,,,,,,,,,,,,,,,,,,,,,,,543745697,9f41d162-cea2-4859-b46b-49c219829fde,2025-08-22,,,submitted_via_web,,vAW8NdMgcmAyapkC7bYNq5,,148
2025-08-22,2025-08-22,14.079765 101.029885 10.283912625163794 4.748651530191761,14.079765,101.029885,10.28391263,4.74865153,Ongkharak,Ongkharak,Moo 3,Yes,Yes,,Arrived after 2020,Female,Buddhist,2,0,No,,No,,No,,,,,,,,,,,No,,,,,,,,,,,Yes,Barking/Howling/Crying Pee and poo Make a mess of garbage Attacked my pet Damaged crops Concern for puppies,1,1,1,1,0,1,0,0,0,0,0,0,0,0,0,1,0,0,0,Barking/Howling/Crying Attacked my pet Chasing me or others Concern for puppies,1,0,0,1,0,0,0,0,0,0,0,0,0,0,0,1,0,0,1,10,I am unhappy,Increased,I didn’t live here at the time,Increased,Move them away,No,,,,,,,,,,,,,,,,,,,,,,,,,,,,,,,,,,,,,,,,543749879,a9cce22c-bdf1-4e04-950e-27674fce3205,2025-08-22,,,submitted_via_web,,vAW8NdMgcmAyapkC7bYNq5,,149
2025-08-22,2025-08-22,14.079643 101.029721 3.2606977567449498 3.6587705487595934,14.079643,101.029721,3.260697757,3.658770549,Ongkharak,Ongkharak,Moo 3,Yes,Yes,,<12 months,Female,Buddhist,3,0,No,,No,,No,,,,,,,,,,,No,,,,,,,,,,,No,,,,,,,,,,,,,,,,,,,,,,,,,,,,,,,,,,,,,,,,,0,Neutral,No change,,No change,Left alone,No,,,,,,,,,,,,,,,,,,,,,,,,,,,,,,,,,,,,,,,,543749914,f9a24c1f-542b-47c8-9a28-88bf0af99b7f,2025-08-22,,,submitted_via_web,,vAW8NdMgcmAyapkC7bYNq5,,150
2025-08-22,2025-08-22,,,,,,Ongkharak,Ongkharak,Moo 3,Yes,Yes,,Arrived after 2020,Male,Buddhist,3,1,No,,No,,No,,,,,,,,,,,No,,,,,,,,,,,Yes,Barking/Howling/Crying Make a mess of garbage,1,0,1,0,0,0,0,0,0,0,0,0,0,0,0,0,0,0,0,Barking/Howling/Crying Make a mess of garbage Unsightly sexual behavior,1,0,1,0,0,0,0,0,0,1,0,0,0,0,0,0,0,0,0,3,I am accepting/OK,No change,About the same,No change,Sterilized and returned to street,No,,,,,,,,,,,,,,,,,,,,,,,,,,,,,,,,,,,,,,,,543750198,b1533b58-512b-45cd-b544-4386bf98b28f,2025-08-22,,,submitted_via_web,,vAW8NdMgcmAyapkC7bYNq5,,151
2025-08-22,2025-08-22,14.079847 101.030142 17.028968777507544 4.748651530191761,14.079847,101.030142,17.02896878,4.74865153,Ongkharak,Ongkharak,Moo 3,Yes,Yes,,<12 months,Female,Buddhist,1,0,No,,No,,No,,,,,,,,,,,No,,,,,,,,,,,Yes,Barking/Howling/Crying Pee and poo Make a mess of garbage Damaged crops,1,1,1,0,0,1,0,0,0,0,0,0,0,0,0,0,0,0,0,,,,,,,,,,,,,,,,,,,,,22,I am unhappy,No change,,No change,Move them away,No,,,,,,,,,,,,,,,,,,,,,,,,,,,,,,,,,,,,,,,,543750706,a26d0caf-c5c9-4449-b260-e5a019f6cb0c,2025-08-22,,,submitted_via_web,,vAW8NdMgcmAyapkC7bYNq5,,152
2025-08-22,2025-08-22,14.079713 101.029824 4.75869308429543 60.69585556242402,14.079713,101.029824,4.758693084,60.69585556,Ongkharak,Ongkharak,Moo 3,Yes,Yes,,Since 2020 or earlier,Female,Buddhist,2,2,No,,No,,No,,,,,,,,,,,No,,,,,,,,,,,No,,,,,,,,,,,,,,,,,,,,,,,,,,,,,,,,,,,,,,,,,0,I am happy,Increased,More dogs now,No change,Sterilized and vaccinated and returned,No,,,,,,,,,,,,,,,,,,,,,,,,,,,,,,,,,,,,,,,,543750778,fc7417b5-9918-4a2f-aabd-58daac8e9424,2025-08-22,,,submitted_via_web,,vAW8NdMgcmAyapkC7bYNq5,,153
2025-08-22,2025-08-22,,,,,,Ongkharak,Ongkharak,Moo 3,Yes,Yes,,Arrived after 2020,Male,Buddhist,2,0,No,,No,,No,,,,,,,,,,,No,,,,,,,,,,,No,,,,,,,,,,,,,,,,,,,,,Barking/Howling/Crying,1,0,0,0,0,0,0,0,0,0,0,0,0,0,0,0,0,0,0,3,Neutral,No change,About the same,No change,Sterilized and returned to street,No,,,,,,,,,,,,,,,,,,,,,,,,,,,,,,,,,,,,,,,,543751115,08ea017c-2c75-4dfa-a266-2229d8419d89,2025-08-22,,,submitted_via_web,,vAW8NdMgcmAyapkC7bYNq5,,154
2025-08-22,2025-08-22,14.080092 101.030832 9.411994934082031 3.5355329155272424,14.080092,101.030832,9.411994934,3.535532916,Ongkharak,Ongkharak,Moo 3,Yes,Yes,,<12 months,Female,Buddhist,2,0,No,,No,,No,,,,,,,,,,,No,,,,,,,,,,,No,,,,,,,,,,,,,,,,,,,,,,,,,,,,,,,,,,,,,,,,,0,Neutral,No change,,No change,Move them away,No,,,,,,,,,,,,,,,,,,,,,,,,,,,,,,,,,,,,,,,,543752266,4dc21158-d595-4964-b1d7-c9cf839612fd,2025-08-22,,,submitted_via_web,,vAW8NdMgcmAyapkC7bYNq5,,155
2025-08-22,2025-08-22,,,,,,Ongkharak,Ongkharak,Moo 3,Yes,Yes,,Arrived after 2020,Male,Buddhist,2,0,No,,No,,No,,,,,,,,,,,No,,,,,,,,,,,Yes,Barking/Howling/Crying Make a mess of garbage Attacked livestock Chasing me or others,1,0,1,0,1,0,0,0,0,0,0,0,0,0,0,0,0,0,1,Barking/Howling/Crying Pee and poo Make a mess of garbage Attacked my pet Chasing me or others Dog fights Destroy my property Concern for puppies,1,1,1,1,0,0,0,0,0,0,1,0,1,0,0,1,0,0,1,15,I do not accept,Increased,More dogs now,Increased,Move them away,No,,,,,,,,,,,,,,,,,,,,,,,,,,,,,,,,,,,,,,,,543753433,81e114c4-f44c-45a4-b3b2-349dd0d164cc,2025-08-22,,,submitted_via_web,,vAW8NdMgcmAyapkC7bYNq5,,156
2025-08-22,2025-08-22,14.080024 101.030864 3.1348329270258546 4.748651530191764,14.080024,101.030864,3.134832927,4.74865153,Ongkharak,Ongkharak,Moo 3,Yes,Yes,,Arrived after 2020,Female,Buddhist,2,0,Yes,15,Yes,17,Yes,Food,1,0,0,0,0,0,0,0,0,Yes,Food,1,0,0,0,0,0,0,0,0,No,,,,,,,,,,,,,,,,,,,,,Dog fights,0,0,0,0,0,0,0,0,0,0,1,0,0,0,0,0,0,0,0,40,I am accepting/OK,Increased,More dogs now,No change,Rehomed as pets,No,,,,,,,,,,,,,,,,,,,,,,,,,,,,,,,,,,,,,,,,543755751,a5482c25-a9aa-45ee-a077-431f31035500,2025-08-22,,,submitted_via_web,,vAW8NdMgcmAyapkC7bYNq5,,157
2025-09-12,2025-09-12,14.209821 101.303653 -20 68.4000015258789,14.209821,101.303653,-20,68.40000153,Pak Phli,Nong Seang,Moo 4,Yes,Yes,,Since 2020 or earlier,Female,Buddhist,4,1,No,,Yes,2,No,,,,,,,,,,,No,,,,,,,,,,,No,,,,,,,,,,,,,,,,,,,,,Barking/Howling/Crying Make a mess of garbage Chasing me or others,1,0,1,0,0,0,0,0,0,0,0,0,0,0,0,0,0,0,1,2,I do not accept,Increased,More dogs now,Increased,Rehomed as pets,No,,,,,,,,,,,,,,,,,,,,,,,,,,,,,,,,,,,,,,,,557097482,f342e9bc-4874-40d0-bf40-042951ba3f1b,2025-09-12,,,submitted_via_web,,vAW8NdMgcmAyapkC7bYNq5,,158
2025-09-12,2025-09-12,14.204516 101.31294 -14.600000381469727 3.7899999618530273,14.204516,101.31294,-14.60000038,3.789999962,Pak Phli,Nong Seang,Moo 9,Yes,Yes,,Since 2020 or earlier,Female,Buddhist,3,1,No,,No,,Yes,Food Water Shelter,1,1,1,0,0,0,0,0,0,Yes,Food Water Shelter,1,1,1,0,0,0,0,0,0,Yes,Barking/Howling/Crying Pee and poo Make a mess of garbage,1,1,1,0,0,0,0,0,0,0,0,0,0,0,0,0,0,0,0,Barking/Howling/Crying Pee and poo Make a mess of garbage,1,1,1,0,0,0,0,0,0,0,0,0,0,0,0,0,0,0,0,7,I am unhappy,No change,About the same,No change,Move them away,No,,,,,,,,,,,,,,,,,,,,,,,,,,,,,,,,,,,,,,,,557099857,cf0e95f1-aa52-4767-90d1-3f02d6a2dff0,2025-09-12,,,submitted_via_web,,vAW8NdMgcmAyapkC7bYNq5,,159
2025-09-12,2025-09-12,14.207005 101.301184 -16.100000381469727 4.3429999351501465,14.207005,101.301184,-16.10000038,4.342999935,Pak Phli,Nong Seang,Moo 4,Yes,Yes,,Since 2020 or earlier,Male,Buddhist,5,0,No,,No,,Yes,Shelter Vaccination,0,0,1,0,0,1,0,0,0,Yes,Shelter Vaccination,0,0,1,0,0,1,0,0,0,Yes,Make a mess of garbage Attacked livestock Dog fights,0,0,1,0,1,0,0,0,0,0,1,0,0,0,0,0,0,0,0,Make a mess of garbage Attacked livestock Dog fights,0,0,1,0,1,0,0,0,0,0,1,0,0,0,0,0,0,0,0,2,I do not accept,Increased,More dogs now,Increased,Sterilized and vaccinated and returned,No,,,,,,,,,,,,,,,,,,,,,,,,,,,,,,,,,,,,,,,,557100374,e5ae3925-df1c-44ad-ab8d-abb8cd289684,2025-09-12,,,submitted_via_web,,vAW8NdMgcmAyapkC7bYNq5,,160
2025-09-11,2025-09-12,14.271975 101.223161 -1.8000000715255737 68.4000015258789,14.271975,101.223161,-1.800000072,68.40000153,Pak Phli,Nong Seang,Moo 9,Yes,Yes,,Since 2020 or earlier,Female,Buddhist,2,2,No,,No,,Yes,Food Water,1,1,0,0,0,0,0,0,0,Yes,Food Water,1,1,0,0,0,0,0,0,0,Yes,Barking/Howling/Crying Chasing me or others Dog fights,1,0,0,0,0,0,0,0,0,0,1,0,0,0,0,0,0,0,1,Barking/Howling/Crying Biting children,1,0,0,0,0,0,0,1,0,0,0,0,0,0,0,0,0,0,0,7,Neutral,No change,About the same,Increased,Move them away,Yes,1,,,,,,,,,,,,,,,,,,,,,,,,,,,,,,,,,,,,,,,557100421,4726dc8f-de67-4c23-9060-de6cf3ce1fb6,2025-09-12,,,submitted_via_web,,vAW8NdMgcmAyapkC7bYNq5,,161
2025-09-12,2025-09-12,14.204443 101.312872 -14.700000762939453 9.07699966430664,14.204443,101.312872,-14.70000076,9.076999664,Pak Phli,Nong Seang,Moo 9,Yes,Yes,,Since 2020 or earlier,Male,Buddhist,4,0,No,,No,,Yes,Food,1,0,0,0,0,0,0,0,0,Yes,Food,1,0,0,0,0,0,0,0,0,Yes,Chasing me or others Chase me on bike/motorbike,0,0,0,0,0,0,0,0,0,0,0,1,0,0,0,0,0,0,1,Chasing me or others Chase me on bike/motorbike,0,0,0,0,0,0,0,0,0,0,0,1,0,0,0,0,0,0,1,7,I am unhappy,No change,About the same,No change,Taken to shelter,No,,,,,,,,,,,,,,,,,,,,,,,,,,,,,,,,,,,,,,,,557100705,14f7ff0d-f49a-4c7a-8cb0-3c221e7b1cbe,2025-09-12,,,submitted_via_web,,vAW8NdMgcmAyapkC7bYNq5,,162
2025-09-11,2025-09-12,,,,,,Pak Phli,Nong Seang,Moo 4,Yes,Yes,,Since 2020 or earlier,Female,Buddhist,3,0,No,,No,,No,,,,,,,,,,,No,,,,,,,,,,,Yes,Barking/Howling/Crying Pee and poo Make a mess of garbage Biting me or other adults Chasing me or others,1,1,1,0,0,0,1,0,0,0,0,0,0,0,0,0,0,0,1,Barking/Howling/Crying Pee and poo Make a mess of garbage,1,1,1,0,0,0,0,0,0,0,0,0,0,0,0,0,0,0,0,3,I am unhappy,No change,About the same,Decreased,Sterilized and returned to street,No,,,,,,,,,,,,,,,,,,,,,,,,,,,,,,,,,,,,,,,,557101863,72e2bbc9-3114-48df-9d22-a784b04812b8,2025-09-12,,,submitted_via_web,,vAW8NdMgcmAyapkC7bYNq5,,163
2025-09-12,2025-09-12,14.204318 101.312778 -14.700000762939453 22.020000457763672,14.204318,101.312778,-14.70000076,22.02000046,Pak Phli,Nong Seang,,Yes,Yes,,Arrived after 2020,Female,Buddhist,2,2,No,,No,,Yes,Food Water,1,1,0,0,0,0,0,0,0,Yes,Food Water,1,1,0,0,0,0,0,0,0,Yes,Dog fights Chase me on bike/motorbike,0,0,0,0,0,0,0,0,0,0,1,1,0,0,0,0,0,0,0,Attacked my pet Biting children Chasing me or others,0,0,0,1,0,0,0,1,0,0,0,0,0,0,0,0,0,0,1,7,I am unhappy,No change,About the same,Increased,Move them away,Yes,1,,,,,,,,,,,,,,,,,,,,,,,,,,,,,,,,,,,,,,,557101879,219f205e-ce7e-48bd-8db9-18ee665b141f,2025-09-12,,,submitted_via_web,,vAW8NdMgcmAyapkC7bYNq5,,164
2025-09-12,2025-09-12,14.209843 101.303658 12 52.666666666666664,14.209843,101.303658,12,52.66666667,Pak Phli,Nong Seang,Moo 4,No,,,,,,,,,,,,,,,,,,,,,,,,,,,,,,,,,,,,,,,,,,,,,,,,,,,,,,,,,,,,,,,,,,,,,,,,,,,,,,,,,,,,,,,,,,,,,,,,,,,,,,,,,,,,,,,,,,,,,,,,,557102417,dbe7b819-4bb6-4a96-bd9b-bda09c587f83,2025-09-12,,,submitted_via_web,,vAW8NdMgcmAyapkC7bYNq5,,165
2025-08-15,2025-09-12,14.20715 101.301842 -15.799999237060547 23.323999404907227,14.20715,101.301842,-15.79999924,23.3239994,Pak Phli,Nong Seang,Moo 4,Yes,Yes,,Since 2020 or earlier,Male,Buddhist,2,0,No,,Yes,2,No,,,,,,,,,,,No,,,,,,,,,,,Yes,Attacked my pet,0,0,0,1,0,0,0,0,0,0,0,0,0,0,0,0,0,0,0,Injured or sick dog,0,0,0,0,0,0,0,0,0,0,0,0,0,0,1,0,0,0,0,0,I do not accept,No change,About the same,No change,Rehomed as pets,No,,,,,,,,,,,,,,,,,,,,,,,,,,,,,,,,,,,,,,,,557102487,37e920f3-b03d-42ef-8887-a94aa0018d85,2025-09-12,,,submitted_via_web,,vAW8NdMgcmAyapkC7bYNq5,,166
2025-09-11,2025-09-12,14.199861 101.306828 -14.799999237060547 8.904000282287598,14.199861,101.306828,-14.79999924,8.904000282,Pak Phli,Nong Seang,Moo 3,Yes,Yes,,Arrived after 2020,Female,Buddhist,2,0,No,,Yes,2,No,,,,,,,,,,,No,,,,,,,,,,,Yes,Dog fights,0,0,0,0,0,0,0,0,0,0,1,0,0,0,0,0,0,0,0,Barking/Howling/Crying,1,0,0,0,0,0,0,0,0,0,0,0,0,0,0,0,0,0,0,1,I do not accept,No change,About the same,No change,Rehomed as pets,No,,,,,,,,,,,,,,,,,,,,,,,,,,,,,,,,,,,,,,,,557102861,00365aeb-44c4-4ebe-9bc0-c073f29d6831,2025-09-12,,,submitted_via_web,,vAW8NdMgcmAyapkC7bYNq5,,167
2025-09-12,2025-09-12,,,,,,Pak Phli,Nong Seang,Moo 3,Yes,Yes,,Since 2020 or earlier,Male,Buddhist,5,0,No,,No,,No,,,,,,,,,,,No,,,,,,,,,,,Yes,Barking/Howling/Crying Pee and poo Attacked livestock,1,1,0,0,1,0,0,0,,0,0,0,0,0,0,0,,,0,Barking/Howling/Crying Pee and poo Attacked livestock Unsightly sexual behavior Dog fights,1,1,0,0,1,0,0,0,,1,1,0,0,0,0,0,,,0,2,Neutral,No change,About the same,No change,Sterilized and vaccinated and returned,No,,,,,,,,,,,,,,,,,,,,,,,,,,,,,,,,,,,,,,,,557103096,05749969-a1f9-464b-a3e1-61bdad609337,2025-09-12,,,submitted_via_web,,vbYM6nHhULPws7UkjWQjna,,168
2025-09-12,2025-09-12,14.207151 101.300374 -15.299999237060547 30.663000106811523,14.207151,101.300374,-15.29999924,30.66300011,Pak Phli,Nong Seang,Moo 4,Yes,Yes,,Since 2020 or earlier,Female,Buddhist,5,0,No,,Yes,3,Yes,Food Water,1,1,0,0,0,0,0,0,0,Yes,Food Water,1,1,0,0,0,0,0,0,0,Yes,Barking/Howling/Crying Make a mess of garbage Chasing me or others Dog fights,1,0,1,0,0,0,0,0,0,0,1,0,0,0,0,0,0,0,1,Barking/Howling/Crying Make a mess of garbage Chasing me or others Dog fights,1,0,1,0,0,0,0,0,0,0,1,0,0,0,0,0,0,0,1,2,Neutral,Increased,More dogs now,Increased,Taken to shelter,No,,,,,,,,,,,,,,,,,,,,,,,,,,,,,,,,,,,,,,,,557103790,9baa95ee-8702-46d2-9e81-9c6a9a2cb071,2025-09-12,,,submitted_via_web,,vAW8NdMgcmAyapkC7bYNq5,,169
2025-09-12,2025-09-12,14.204378 101.313407 -14 3.7899999618530273,14.204378,101.313407,-14,3.789999962,Pak Phli,Nong Seang,Moo 9,Yes,Yes,,Since 2020 or earlier,Female,Buddhist,5,0,Yes,1,No,,Yes,Food,1,0,0,0,0,0,0,0,0,Yes,Food,1,0,0,0,0,0,0,0,0,Yes,Barking/Howling/Crying Chasing me or others Chase me on bike/motorbike,1,0,0,0,0,0,0,0,0,0,0,1,0,0,0,0,0,0,1,Barking/Howling/Crying Chase me on bike/motorbike,1,0,0,0,0,0,0,0,0,0,0,1,0,0,0,0,0,0,0,6,Neutral,No change,Fewer dogs now,No change,Taken to shelter,No,,,,,,,,,,,,,,,,,,,,,,,,,,,,,,,,,,,,,,,,557103873,2163092d-4067-4eb4-9e08-b6727bf64a36,2025-09-12,,,submitted_via_web,,vAW8NdMgcmAyapkC7bYNq5,,170
2025-09-12,2025-09-12,14.204284 101.312812 -14.600000381469727 116.0999984741211,14.204284,101.312812,-14.60000038,116.0999985,Pak Phli,Nong Seang,Moo 9,Yes,Yes,,Since 2020 or earlier,Female,Buddhist,2,2,Yes,2,No,,Yes,Food Water,1,1,0,0,0,0,0,0,0,Yes,Food Water,1,1,0,0,0,0,0,0,0,Yes,Barking/Howling/Crying,1,0,0,0,0,0,0,0,0,0,0,0,0,0,0,0,0,0,0,Barking/Howling/Crying,1,0,0,0,0,0,0,0,0,0,0,0,0,0,0,0,0,0,0,7,I am happy,No change,About the same,No change,Sterilized and returned to street,No,,,,,,,,,,,,,,,,,,,,,,,,,,,,,,,,,,,,,,,,557103891,ed89bf6f-a17c-4fc1-8325-40f484b4850c,2025-09-12,,,submitted_via_web,,vAW8NdMgcmAyapkC7bYNq5,,171
2025-09-12,2025-09-12,,,,,,Pak Phli,Nong Seang,Moo 3,Yes,Yes,,Since 2020 or earlier,Female,Buddhist,2,0,Yes,1,Yes,1,No,,,,,,,,,,,No,,,,,,,,,,,No,,,,,,,,,,,,,,,,,,,,,Barking/Howling/Crying Make a mess of garbage Unsightly sexual behavior Dog fights Concern for puppies,1,0,1,0,0,0,0,0,,1,1,0,0,0,0,1,,,0,3,Neutral,No change,About the same,No change,Sterilized and vaccinated and returned,No,,,,,,,,,,,,,,,,,,,,,,,,,,,,,,,,,,,,,,,,557103992,8f0609a4-8799-4008-a499-49c4d323fd4e,2025-09-12,,,submitted_via_web,,vbYM6nHhULPws7UkjWQjna,,172
2025-09-12,2025-09-12,,,,,,Pak Phli,Nong Seang,Moo 4,Yes,Yes,,Arrived after 2020,Female,Buddhist,3,0,No,,Yes,1,No,,,,,,,,,,,No,,,,,,,,,,,No,,,,,,,,,,,,,,,,,,,,,,,,,,,,,,,,,,,,,,,,,0,I am happy,Increased,About the same,No change,Left alone,No,,,,,,,,,,,,,,,,,,,,,,,,,,,,,,,,,,,,,,,,557104274,45162595-9de4-4b23-b032-134b7854ec4c,2025-09-12,,,submitted_via_web,,vAW8NdMgcmAyapkC7bYNq5,,173
2025-09-12,2025-09-12,,,,,,Pak Phli,Nong Seang,Moo 4,No,,,,,,,,,,,,,,,,,,,,,,,,,,,,,,,,,,,,,,,,,,,,,,,,,,,,,,,,,,,,,,,,,,,,,,,,,,,,,,,,,,,,,,,,,,,,,,,,,,,,,,,,,,,,,,,,,,,,,,,,,557104469,30836d05-5c6b-435f-a0ae-863fd5e924e5,2025-09-12,,,submitted_via_web,,vAW8NdMgcmAyapkC7bYNq5,,174
2025-09-12,2025-09-12,14.199663 101.306403 -14.799999237060547 24.899999618530273,14.199663,101.306403,-14.79999924,24.89999962,Pak Phli,Nong Seang,Moo 3,Yes,Yes,,<12 months,Female,Buddhist,2,1,No,,Yes,1,No,,,,,,,,,,,No,,,,,,,,,,,No,,,,,,,,,,,,,,,,,,,,,,,,,,,,,,,,,,,,,,,,,1,I am accepting/OK,Decreased,,Decreased,Taken to shelter,No,,,,,,,,,,,,,,,,,,,,,,,,,,,,,,,,,,,,,,,,557104844,fa46b520-3d7b-4f23-9817-7f762a8b4857,2025-09-12,,,submitted_via_web,,vAW8NdMgcmAyapkC7bYNq5,,175
2025-09-12,2025-09-12,,,,,,Pak Phli,Nong Seang,Moo 4,Yes,No,,,,,,,,,,,,,,,,,,,,,,,,,,,,,,,,,,,,,,,,,,,,,,,,,,,,,,,,,,,,,,,,,,,,,,,,,,,,,,,,,,,,,,,,,,,,,,,,,,,,,,,,,,,,,,,,,,,,,,,,557105611,9d0537d5-cf48-4540-98cf-772dc86ecc33,2025-09-12,,,submitted_via_web,,vAW8NdMgcmAyapkC7bYNq5,,176
2025-09-12,2025-09-12,14.206774 101.315636 -10.399999618530273 60,14.206774,101.315636,-10.39999962,60,Pak Phli,Nong Seang,Moo 9,Yes,Yes,,Since 2020 or earlier,Male,Buddhist,5,0,No,,No,,Yes,Food Water Shelter,1,1,1,0,0,0,0,0,0,Yes,Food Water Shelter,1,1,1,0,0,0,0,0,0,Yes,Barking/Howling/Crying,1,0,0,0,0,0,0,0,0,0,0,0,0,0,0,0,0,0,0,Barking/Howling/Crying,1,0,0,0,0,0,0,0,0,0,0,0,0,0,0,0,0,0,0,6,Neutral,No change,About the same,No change,Sterilized and returned to street,No,,,,,,,,,,,,,,,,,,,,,,,,,,,,,,,,,,,,,,,,557105803,96cf7c25-8454-423a-9368-79e2c3614fc9,2025-09-12,,,submitted_via_web,,vAW8NdMgcmAyapkC7bYNq5,,177
2025-09-12,2025-09-12,14.204881 101.299703 -15.799999237060547 54.198001861572266,14.204881,101.299703,-15.79999924,54.19800186,Pak Phli,Nong Seang,Moo 4,Yes,Yes,,Arrived after 2020,Female,Buddhist,1,0,No,,No,,No,,,,,,,,,,,No,,,,,,,,,,,Yes,Barking/Howling/Crying Pee and poo Attacked livestock Dog fights,1,1,0,0,1,0,0,0,0,0,1,0,0,0,0,0,0,0,0,Barking/Howling/Crying Pee and poo Attacked livestock Dog fights,1,1,0,0,1,0,0,0,0,0,1,0,0,0,0,0,0,0,0,0,I am unhappy,No change,About the same,No change,Left alone,No,,,,,,,,,,,,,,,,,,,,,,,,,,,,,,,,,,,,,,,,557106001,5e1d87be-f5f2-4ed2-aa7b-5d81780aa285,2025-09-12,,,submitted_via_web,,vAW8NdMgcmAyapkC7bYNq5,,178
2025-09-12,2025-09-12,,,,,,Pak Phli,Nong Seang,Moo 3,Yes,Yes,,Since 2020 or earlier,Female,Buddhist,2,1,No,,Yes,2,No,,,,,,,,,,,No,,,,,,,,,,,Yes,Barking/Howling/Crying Pee and poo Make a mess of garbage,1,1,1,0,0,0,0,0,,0,0,0,0,0,0,0,,,0,Barking/Howling/Crying Pee and poo Make a mess of garbage Biting me or other adults Chasing me or others Unsightly sexual behavior,1,1,1,0,0,0,1,0,,1,0,0,0,0,0,0,,,1,3,Neutral,No change,About the same,No change,Sterilized and vaccinated and returned,No,,,,,,,,,,,,,,,,,,,,,,,,,,,,,,,,,,,,,,,,557106250,17d29077-c029-4d08-9606-47bb6576dda0,2025-09-12,,,submitted_via_web,,vbYM6nHhULPws7UkjWQjna,,179
2025-09-12,2025-09-12,14.205141 101.299746 -16.799999237060547 6.63700008392334,14.205141,101.299746,-16.79999924,6.637000084,Pak Phli,Nong Seang,Moo 4,Yes,Yes,,Since 2020 or earlier,Male,Buddhist,2,0,No,,No,,No,,,,,,,,,,,No,,,,,,,,,,,No,,,,,,,,,,,,,,,,,,,,,Barking/Howling/Crying Make a mess of garbage Chasing me or others Dog fights,1,0,1,0,0,0,0,0,0,0,1,0,0,0,0,0,0,0,1,2,I am unhappy,Increased,More dogs now,Increased,Taken to shelter,No,,,,,,,,,,,,,,,,,,,,,,,,,,,,,,,,,,,,,,,,557106975,5374668e-da2f-435d-aa16-59a1cb3e759f,2025-09-12,,,submitted_via_web,,vAW8NdMgcmAyapkC7bYNq5,,180
2025-09-12,2025-09-12,14.200141 101.30563 -15.700000762939453 16.2810001373291,14.200141,101.30563,-15.70000076,16.28100014,Pak Phli,Nong Seang,Moo 3,Yes,Yes,,<12 months,Male,Buddhist,2,0,No,,Yes,2,No,,,,,,,,,,,No,,,,,,,,,,,Yes,Pee and poo Make a mess of garbage,0,1,1,0,0,0,0,0,0,0,0,0,0,0,0,0,0,0,0,Pee and poo,0,1,0,0,0,0,0,0,0,0,0,0,0,0,0,0,0,0,0,1,I am unhappy,Decreased,,No change,Rehomed as pets,No,,,,,,,,,,,,,,,,,,,,,,,,,,,,,,,,,,,,,,,,557107430,2371e336-2954-414b-8c28-3c13f154c00e,2025-09-12,,,submitted_via_web,,vAW8NdMgcmAyapkC7bYNq5,,181
2025-09-12,2025-09-12,,,,,,Pak Phli,Nong Seang,Moo 4,Yes,Yes,,Arrived after 2020,Male,Buddhist,3,0,No,,No,,Yes,Food Water Shelter,1,1,1,0,0,0,0,0,0,Yes,Food Water Shelter,1,1,1,0,0,0,0,0,0,Yes,Barking/Howling/Crying Pee and poo Make a mess of garbage Unsightly sexual behavior Dog fights,1,1,1,0,0,0,0,0,0,1,1,0,0,0,0,0,0,0,0,Dog fights Injured or sick dog,0,0,0,0,0,0,0,0,0,0,1,0,0,0,1,0,0,0,0,5,I am happy,No change,About the same,No change,Sterilized and returned to street,No,,,,,,,,,,,,,,,,,,,,,,,,,,,,,,,,,,,,,,,,557107853,f7170505-e613-4c3d-a468-b97301399742,2025-09-12,,,submitted_via_web,,vAW8NdMgcmAyapkC7bYNq5,,182
2025-09-12,2025-09-12,14.205205 101.299778 14.317189610155346 19.26931512603761,14.205205,101.299778,14.31718961,19.26931513,Pak Phli,Nong Seang,Moo 4,Yes,Yes,,Since 2020 or earlier,Female,Buddhist,3,0,No,,No,,No,,,,,,,,,,,No,,,,,,,,,,,No,,,,,,,,,,,,,,,,,,,,,Barking/Howling/Crying Chasing me or others Dog fights,1,0,0,0,0,0,0,0,0,0,1,0,0,0,0,0,0,0,1,2,I am unhappy,No change,About the same,No change,Move them away,No,,,,,,,,,,,,,,,,,,,,,,,,,,,,,,,,,,,,,,,,557107862,3e975104-6b5a-4818-a4b6-b47acb047d24,2025-09-12,,,submitted_via_web,,vAW8NdMgcmAyapkC7bYNq5,,183
2025-09-12,2025-09-12,14.206888 101.315417 -10.399999618530273 21.486000061035156,14.206888,101.315417,-10.39999962,21.48600006,Pak Phli,Nong Seang,Moo 9,Yes,Yes,,Since 2020 or earlier,Male,Buddhist,4,0,Yes,1,Yes,1,Yes,Food,1,0,0,0,0,0,0,0,0,Yes,Food,1,0,0,0,0,0,0,0,0,Yes,Barking/Howling/Crying Chase me on bike/motorbike,1,0,0,0,0,0,0,0,0,0,0,1,0,0,0,0,0,0,0,Barking/Howling/Crying Chasing me or others Chase me on bike/motorbike,1,0,0,0,0,0,0,0,0,0,0,1,0,0,0,0,0,0,1,2,Neutral,No change,About the same,No change,Sterilized and vaccinated and returned,No,,,,,,,,,,,,,,,,,,,,,,,,,,,,,,,,,,,,,,,,557107981,f846a111-3607-4ec3-8058-c90ae8ae872c,2025-09-12,,,submitted_via_web,,vAW8NdMgcmAyapkC7bYNq5,,184
2025-09-12,2025-09-12,14.20677 101.315576 -10.399999618530273 42.67900085449219,14.20677,101.315576,-10.39999962,42.67900085,Pak Phli,Nong Seang,Moo 9,Yes,Yes,,Since 2020 or earlier,Male,Buddhist,3,1,No,,Yes,1,Yes,Food Water Shelter,1,1,1,0,0,0,0,0,0,Yes,Food Water Shelter,1,1,1,0,0,0,0,0,0,No,,,,,,,,,,,,,,,,,,,,,Barking/Howling/Crying,1,0,0,0,0,0,0,0,0,0,0,0,0,0,0,0,0,0,0,6,I am accepting/OK,Decreased,About the same,No change,Left alone,No,,,,,,,,,,,,,,,,,,,,,,,,,,,,,,,,,,,,,,,,557108452,31c8fa26-0e38-4b5b-a437-187e3ce9d204,2025-09-12,,,submitted_via_web,,vAW8NdMgcmAyapkC7bYNq5,,185
2025-09-12,2025-09-12,,,,,,Pak Phli,Nong Seang,Moo 4,Yes,No,,,,,,,,,,,,,,,,,,,,,,,,,,,,,,,,,,,,,,,,,,,,,,,,,,,,,,,,,,,,,,,,,,,,,,,,,,,,,,,,,,,,,,,,,,,,,,,,,,,,,,,,,,,,,,,,,,,,,,,,557108471,3ac428a5-a975-4432-aedb-06c7f062d500,2025-09-12,,,submitted_via_web,,vAW8NdMgcmAyapkC7bYNq5,,186
2025-09-12,2025-09-12,14.205158 101.299797 21.717653274536133 75,14.205158,101.299797,21.71765327,75,Pak Phli,Nong Seang,Moo 4,Yes,Yes,,Since 2020 or earlier,Male,Buddhist,2,1,No,,No,,No,,,,,,,,,,,No,,,,,,,,,,,No,,,,,,,,,,,,,,,,,,,,,Barking/Howling/Crying Make a mess of garbage,1,0,1,0,0,0,0,0,0,0,0,0,0,0,0,0,0,0,0,0,Neutral,Increased,More dogs now,Decreased,Rehomed as pets,No,,,,,,,,,,,,,,,,,,,,,,,,,,,,,,,,,,,,,,,,557109045,2694ab9e-6246-4cc8-b72f-85bdf5ac15ec,2025-09-12,,,submitted_via_web,,vAW8NdMgcmAyapkC7bYNq5,,187
2025-09-12,2025-09-12,,,,,,Pak Phli,Nong Seang,Moo 4,No,,,,,,,,,,,,,,,,,,,,,,,,,,,,,,,,,,,,,,,,,,,,,,,,,,,,,,,,,,,,,,,,,,,,,,,,,,,,,,,,,,,,,,,,,,,,,,,,,,,,,,,,,,,,,,,,,,,,,,,,,557109188,b5714445-737e-4931-b96d-527d839d1dab,2025-09-12,,,submitted_via_web,,vAW8NdMgcmAyapkC7bYNq5,,188
2025-09-12,2025-09-16,14.207108 101.315425 -10.399999618530273 5.255000114440918,14.207108,101.315425,-10.39999962,5.255000114,Pak Phli,Nong Seang,Moo 9,Yes,Yes,,Since 2020 or earlier,Male,Buddhist,4,0,No,,No,,Yes,Food,1,0,0,0,0,0,0,0,0,Yes,Food,1,0,0,0,0,0,0,0,0,Yes,Barking/Howling/Crying Chasing me or others Chase me on bike/motorbike,1,0,0,0,0,0,0,0,0,0,0,1,0,0,0,0,0,0,1,Barking/Howling/Crying Chasing me or others Chase me on bike/motorbike,1,0,0,0,0,0,0,0,0,0,0,1,0,0,0,0,0,0,1,7,I am accepting/OK,Decreased,Fewer dogs now,Decreased,Sterilized and vaccinated and returned,No,,,,,,,,,,,,,,,,,,,,,,,,,,,,,,,,,,,,,,,,557109225,5f7818d7-e7b8-4a3c-81b5-c2925adfff56,2025-09-12,,,submitted_via_web,,vAW8NdMgcmAyapkC7bYNq5,,189
2025-09-12,2025-09-12,14.205404 101.300191 14.681985820643604 4.748651530191761,14.205404,101.300191,14.68198582,4.74865153,Pak Phli,Nong Seang,Moo 4,No,,,,,,,,,,,,,,,,,,,,,,,,,,,,,,,,,,,,,,,,,,,,,,,,,,,,,,,,,,,,,,,,,,,,,,,,,,,,,,,,,,,,,,,,,,,,,,,,,,,,,,,,,,,,,,,,,,,,,,,,,557109244,c3c8c0da-9410-4266-8740-a242ca716723,2025-09-12,,,submitted_via_web,,vAW8NdMgcmAyapkC7bYNq5,,190
2025-09-12,2025-09-12,14.204964 101.29974 -15.799999237060547 29.483999252319336,14.204964,101.29974,-15.79999924,29.48399925,Pak Phli,Nong Seang,Moo 4,Yes,Yes,,<12 months,Female,Buddhist,1,0,No,,No,,No,,,,,,,,,,,No,,,,,,,,,,,No,,,,,,,,,,,,,,,,,,,,,Barking/Howling/Crying,1,0,0,0,0,0,0,0,0,0,0,0,0,0,0,0,0,0,0,1,Neutral,No change,,No change,Left alone,No,,,,,,,,,,,,,,,,,,,,,,,,,,,,,,,,,,,,,,,,557109295,1d5eab1f-e8c5-4cea-b06d-1741ef26f611,2025-09-12,,,submitted_via_web,,vAW8NdMgcmAyapkC7bYNq5,,191
2025-09-12,2025-09-12,14.199662 101.305445 -14.199999809265137 31.53700065612793,14.199662,101.305445,-14.19999981,31.53700066,Pak Phli,Nong Seang,Moo 3,Yes,Yes,,<12 months,Female,Buddhist,3,0,No,,No,,No,,,,,,,,,,,No,,,,,,,,,,,No,,,,,,,,,,,,,,,,,,,,,Barking/Howling/Crying Pee and poo,1,1,0,0,0,0,0,0,0,0,0,0,0,0,0,0,0,0,0,1,Neutral,No change,,No change,Sterilized and vaccinated and returned,No,,,,,,,,,,,,,,,,,,,,,,,,,,,,,,,,,,,,,,,,557109623,7321d25f-329b-4a5f-826e-3c97196f5cdd,2025-09-12,,,submitted_via_web,,vAW8NdMgcmAyapkC7bYNq5,,192
2025-09-12,2025-09-12,14.205335 101.300168 -15.100000381469727 98.4000015258789,14.205335,101.300168,-15.10000038,98.40000153,Pak Phli,Nong Seang,Moo 4,Yes,Yes,,Since 2020 or earlier,Female,Buddhist,1,0,No,,Yes,1,No,,,,,,,,,,,No,,,,,,,,,,,No,,,,,,,,,,,,,,,,,,,,,Make a mess of garbage Attacked livestock Chasing me or others Dog fights,0,0,1,0,1,0,0,0,0,0,1,0,0,0,0,0,0,0,1,2,I do not accept,Increased,More dogs now,Increased,Move them away,No,,,,,,,,,,,,,,,,,,,,,,,,,,,,,,,,,,,,,,,,557109652,eb75282d-2895-4ed5-b777-3c0815627a79,2025-09-12,,,submitted_via_web,,vAW8NdMgcmAyapkC7bYNq5,,193
2025-09-12,2025-09-12,,,,,,Pak Phli,Nong Seang,Moo 3,Yes,Yes,,Since 2020 or earlier,Female,Buddhist,3,0,No,,Yes,1,No,,,,,,,,,,,No,,,,,,,,,,,Yes,Barking/Howling/Crying Pee and poo Make a mess of garbage,1,1,1,0,0,0,0,0,0,0,0,0,0,0,0,0,0,0,0,Barking/Howling/Crying Pee and poo Make a mess of garbage Chase me on bike/motorbike Concern for puppies,1,1,1,0,0,0,0,0,0,0,0,1,0,0,0,1,0,0,0,4,Neutral,No change,Don’t know,No change,Sterilized and vaccinated and returned,No,,,,,,,,,,,,,,,,,,,,,,,,,,,,,,,,,,,,,,,,557109680,76bbb41c-99eb-4432-a8af-577a1a1b67dd,2025-09-12,,,submitted_via_web,,vAW8NdMgcmAyapkC7bYNq5,,194
2025-09-12,2025-09-12,14.199718 101.305463 -14.199999809265137 18.761999130249023,14.199718,101.305463,-14.19999981,18.76199913,Pak Phli,Nong Seang,Moo 3,Yes,Yes,,Since 2020 or earlier,Male,Buddhist,2,0,No,,Yes,1,No,,,,,,,,,,,No,,,,,,,,,,,No,,,,,,,,,,,,,,,,,,,,,,,,,,,,,,,,,,,,,,,,,0,I am unhappy,Decreased,Fewer dogs now,Decreased,Rehomed as pets,No,,,,,,,,,,,,,,,,,,,,,,,,,,,,,,,,,,,,,,,,557110420,3725c462-8b5b-45a7-802d-ba25ba29b4b2,2025-09-12,,,submitted_via_web,,vAW8NdMgcmAyapkC7bYNq5,,195
2025-09-12,2025-09-19,14.205327 101.300117 13.600848966240884 19.65769135311384,14.205327,101.300117,13.60084897,19.65769135,Pak Phli,Nong Seang,Moo 4,Yes,Yes,,Since 2020 or earlier,Male,Buddhist,1,0,No,,Yes,1,No,,,,,,,,,,,No,,,,,,,,,,,Yes,Barking/Howling/Crying,1,0,0,0,0,0,0,0,0,0,0,0,0,0,0,0,0,0,0,Barking/Howling/Crying,1,0,0,0,0,0,0,0,0,0,0,0,0,0,0,0,0,0,0,2,I am unhappy,Decreased,Fewer dogs now,No change,Move them away,No,,,,,,,,,,,,,,,,,,,,,,,,,,,,,,,,,,,,,,,,557110589,d3439ca2-611c-4261-a1b0-8f308bcd969a,2025-09-12,,,submitted_via_web,,vAW8NdMgcmAyapkC7bYNq5,,196
2025-09-12,2025-09-16,14.206673 101.315275 -10.399999618530273 60,14.206673,101.315275,-10.39999962,60,Pak Phli,Nong Seang,Moo 9,Yes,Yes,,Since 2020 or earlier,Male,Buddhist,4,0,Yes,2,Yes,1,Yes,Food Water Shelter,1,1,1,0,0,0,0,0,0,Yes,Food Water Shelter,1,1,1,0,0,0,0,0,0,Yes,Barking/Howling/Crying Attacked livestock,1,0,0,0,1,0,0,0,0,0,0,0,0,0,0,0,0,0,0,Barking/Howling/Crying Attacked livestock,1,0,0,0,1,0,0,0,0,0,0,0,0,0,0,0,0,0,0,3,Neutral,Decreased,Fewer dogs now,Decreased,Taken to shelter,No,,,,,,,,,,,,,,,,,,,,,,,,,,,,,,,,,,,,,,,,557111126,20e5f01a-7382-4f80-bf07-186b17d126ce,2025-09-12,,,submitted_via_web,,vAW8NdMgcmAyapkC7bYNq5,,197
2025-09-12,2025-09-12,14.206793 101.315525 -10.399999618530273 20,14.206793,101.315525,-10.39999962,20,Pak Phli,Nong Seang,Moo 9,Yes,Yes,,Since 2020 or earlier,Male,Buddhist,8,0,No,,Yes,2,No,,,,,,,,,,,No,,,,,,,,,,,Yes,Biting me or other adults Chasing me or others,0,0,0,0,0,0,1,0,0,0,0,0,0,0,0,0,0,0,1,Attacked my pet Biting me or other adults Chasing me or others,0,0,0,1,0,0,1,0,0,0,0,0,0,0,0,0,0,0,1,8,I am happy,No change,About the same,Decreased,Left alone,No,,,,,,,,,,,,,,,,,,,,,,,,,,,,,,,,,,,,,,,,557111270,987eecb2-2b3a-4355-9ac4-68530fbc81c6,2025-09-12,,,submitted_via_web,,vAW8NdMgcmAyapkC7bYNq5,,198
2025-09-12,2025-09-12,14.206803 101.315739 -10.399999618530273 60,14.206803,101.315739,-10.39999962,60,Pak Phli,Nong Seang,Moo 9,Yes,Yes,,Since 2020 or earlier,Female,Buddhist,3,0,No,,No,,No,,,,,,,,,,,No,,,,,,,,,,,Yes,Barking/Howling/Crying Pee and poo,1,1,0,0,0,0,0,0,0,0,0,0,0,0,0,0,0,0,0,Barking/Howling/Crying Pee and poo Make a mess of garbage,1,1,1,0,0,0,0,0,0,0,0,0,0,0,0,0,0,0,0,2,Neutral,Decreased,Fewer dogs now,Decreased,Left alone,No,,,,,,,,,,,,,,,,,,,,,,,,,,,,,,,,,,,,,,,,557112347,644da922-e5ff-4a1b-a1a4-d8c333e554a3,2025-09-12,,,submitted_via_web,,vAW8NdMgcmAyapkC7bYNq5,,199
2025-09-12,2025-09-12,14.198757 101.305025 -14.5 87.5999984741211,14.198757,101.305025,-14.5,87.59999847,Pak Phli,Nong Seang,Moo 3,Yes,Yes,,Since 2020 or earlier,Female,Buddhist,1,0,No,,No,,No,,,,,,,,,,,No,,,,,,,,,,,Yes,Barking/Howling/Crying Pee and poo Make a mess of garbage,1,1,1,0,0,0,0,0,0,0,0,0,0,0,0,0,0,0,0,Barking/Howling/Crying Pee and poo Make a mess of garbage,1,1,1,0,0,0,0,0,0,0,0,0,0,0,0,0,0,0,0,1,Neutral,No change,About the same,Decreased,Sterilized and vaccinated and returned,No,,,,,,,,,,,,,,,,,,,,,,,,,,,,,,,,,,,,,,,,557112527,f838a4f5-f795-4780-939f-f2dcd80f4eef,2025-09-12,,,submitted_via_web,,vAW8NdMgcmAyapkC7bYNq5,,200
2025-09-12,2025-09-12,14.204734 101.30007 21.134033203125 42.18428603690767,14.204734,101.30007,21.1340332,42.18428604,Pak Phli,Nong Seang,Moo 4,Yes,Yes,,Since 2020 or earlier,Female,Buddhist,2,0,Yes,1,No,,No,,,,,,,,,,,No,,,,,,,,,,,No,,,,,,,,,,,,,,,,,,,,,Pee and poo Make a mess of garbage,0,1,1,0,0,0,0,0,0,0,0,0,0,0,0,0,0,0,0,2,Neutral,No change,Don’t know,No change,Rehomed as pets,No,,,,,,,,,,,,,,,,,,,,,,,,,,,,,,,,,,,,,,,,557113226,442ce9dd-575c-4700-a6f1-c2b628db3de1,2025-09-12,,,submitted_via_web,,vAW8NdMgcmAyapkC7bYNq5,,201
2025-09-12,2025-09-12,14.206174 101.315661 -10.399999618530273 3.7899999618530273,14.206174,101.315661,-10.39999962,3.789999962,Pak Phli,Nong Seang,Moo 9,Yes,Yes,,Since 2020 or earlier,Female,Buddhist,2,0,No,,Yes,1,No,,,,,,,,,,,No,,,,,,,,,,,No,,,,,,,,,,,,,,,,,,,,,Barking/Howling/Crying,1,0,0,0,0,0,0,0,0,0,0,0,0,0,0,0,0,0,0,2,Neutral,No change,About the same,No change,Sterilized and vaccinated and returned,No,,,,,,,,,,,,,,,,,,,,,,,,,,,,,,,,,,,,,,,,557113502,1fa2ec17-6fdc-43f1-950d-a1998d9a0e55,2025-09-12,,,submitted_via_web,,vAW8NdMgcmAyapkC7bYNq5,,202
2025-09-12,2025-09-12,14.206056 101.315718 -12.899999618530273 31.124000549316406,14.206056,101.315718,-12.89999962,31.12400055,Pak Phli,Nong Seang,Moo 9,Yes,Yes,,Since 2020 or earlier,Female,Buddhist,6,2,No,,Yes,1,No,,,,,,,,,,,No,,,,,,,,,,,No,,,,,,,,,,,,,,,,,,,,,Injured or sick dog,0,0,0,0,0,0,0,0,0,0,0,0,0,0,1,0,0,0,0,2,I am accepting/OK,Decreased,Fewer dogs now,Decreased,Rehomed as pets,No,,,,,,,,,,,,,,,,,,,,,,,,,,,,,,,,,,,,,,,,557113629,64f74281-4605-4453-835f-3ffeb265e5ed,2025-09-12,,,submitted_via_web,,vAW8NdMgcmAyapkC7bYNq5,,203
2025-09-12,2025-09-12,14.20471 101.29819 -16.799999237060547 6.604000091552734,14.20471,101.29819,-16.79999924,6.604000092,Pak Phli,Nong Seang,Moo 4,Yes,Yes,,Since 2020 or earlier,Male,Buddhist,1,0,No,,Yes,2,No,,,,,,,,,,,No,,,,,,,,,,,No,,,,,,,,,,,,,,,,,,,,,Make a mess of garbage Dog fights Chase me on bike/motorbike,0,0,1,0,0,0,0,0,0,0,1,1,0,0,0,0,0,0,0,2,Neutral,Increased,More dogs now,Increased,Taken to shelter,No,,,,,,,,,,,,,,,,,,,,,,,,,,,,,,,,,,,,,,,,557114659,24217258-a7ba-4dcc-af48-ed366e55bed1,2025-09-12,,,submitted_via_web,,vAW8NdMgcmAyapkC7bYNq5,,204
2025-09-12,2025-09-12,14.206209 101.315576 -13.300000190734863 6.293000221252441,14.206209,101.315576,-13.30000019,6.293000221,Pak Phli,Nong Seang,Moo 9,Yes,Yes,,Since 2020 or earlier,Female,Buddhist,3,0,Yes,1,Yes,1,No,,,,,,,,,,,No,,,,,,,,,,,No,,,,,,,,,,,,,,,,,,,,,Barking/Howling/Crying Chasing me or others Chase me on bike/motorbike,1,0,0,0,0,0,0,0,0,0,0,1,0,0,0,0,0,0,1,4,I do not accept,No change,About the same,No change,Sterilized and vaccinated and returned,No,,,,,,,,,,,,,,,,,,,,,,,,,,,,,,,,,,,,,,,,557115037,f18cacd6-6f9d-4cdf-b2d3-a4c3a7fd0886,2025-09-12,,,submitted_via_web,,vAW8NdMgcmAyapkC7bYNq5,,205
2025-09-12,2025-09-12,14.206056 101.31567 -13.300000190734863 31.496999740600586,14.206056,101.31567,-13.30000019,31.49699974,Pak Phli,Nong Seang,Moo 9,Yes,Yes,,Since 2020 or earlier,Female,Buddhist,4,0,No,,No,,No,,,,,,,,,,,No,,,,,,,,,,,No,,,,,,,,,,,,,,,,,,,,,Barking/Howling/Crying Chasing me or others,1,0,0,0,0,0,0,0,0,0,0,0,0,0,0,0,0,0,1,0,Neutral,No change,Don’t know,No change,Vaccinated and returned to street,No,,,,,,,,,,,,,,,,,,,,,,,,,,,,,,,,,,,,,,,,557115048,7e28a62b-72df-40bd-9d60-71cc1353abf6,2025-09-12,,,submitted_via_web,,vAW8NdMgcmAyapkC7bYNq5,,206
2025-09-12,2025-09-19,,,,,,Pak Phli,Nong Seang,Moo 3,Yes,Yes,,Arrived after 2020,Female,Buddhist,8,0,No,,Yes,1,No,,,,,,,,,,,No,,,,,,,,,,,Yes,Barking/Howling/Crying,1,0,0,0,0,0,0,0,0,0,0,0,0,0,0,0,0,0,0,Barking/Howling/Crying Pee and poo Make a mess of garbage,1,1,1,0,0,0,0,0,0,0,0,0,0,0,0,0,0,0,0,3,I do not accept,Decreased,Fewer dogs now,No change,Rehomed as pets,No,,,,,,,,,,,,,,,,,,,,,,,,,,,,,,,,,,,,,,,,557115852,d2471b79-60fc-403a-856d-096c7c9a8d4d,2025-09-12,,,submitted_via_web,,vAW8NdMgcmAyapkC7bYNq5,,207
2025-09-12,2025-09-12,14.206039 101.315702 -12.899999618530273 50.40800094604492,14.206039,101.315702,-12.89999962,50.40800095,Pak Phli,Nong Seang,Moo 9,Yes,Yes,,Since 2020 or earlier,Female,Buddhist,3,0,No,,Yes,2,Yes,Food,1,0,0,0,0,0,0,0,0,Yes,Food,1,0,0,0,0,0,0,0,0,Yes,Barking/Howling/Crying Chase me on bike/motorbike,1,0,0,0,0,0,0,0,0,0,0,1,0,0,0,0,0,0,0,Barking/Howling/Crying Chase me on bike/motorbike,1,0,0,0,0,0,0,0,0,0,0,1,0,0,0,0,0,0,0,4,I am unhappy,No change,About the same,No change,Sterilized and vaccinated and returned,No,,,,,,,,,,,,,,,,,,,,,,,,,,,,,,,,,,,,,,,,557117358,d66bb36f-ca62-45c5-9a7e-acd69b17c899,2025-09-12,,,submitted_via_web,,vAW8NdMgcmAyapkC7bYNq5,,208
2025-09-12,2025-09-12,14.204902 101.314729 -13.300000190734863 20,14.204902,101.314729,-13.30000019,20,Pak Phli,Nong Seang,Moo 9,Yes,Yes,,Since 2020 or earlier,Male,Buddhist,4,0,No,,No,,Yes,Food,1,0,0,0,0,0,0,0,0,Yes,Food,1,0,0,0,0,0,0,0,0,No,,,,,,,,,,,,,,,,,,,,,Injured or sick dog Concern for puppies,0,0,0,0,0,0,0,0,0,0,0,0,0,0,1,1,0,0,0,3,I am happy,No change,Don’t know,No change,Sterilized and vaccinated and returned,No,,,,,,,,,,,,,,,,,,,,,,,,,,,,,,,,,,,,,,,,557117650,402414a4-1f43-4c79-ae9e-777ec1e25de1,2025-09-12,,,submitted_via_web,,vAW8NdMgcmAyapkC7bYNq5,,209
2025-09-12,2025-09-12,,,,,,Pak Phli,Nong Seang,Moo 3,Yes,Yes,,Since 2020 or earlier,Female,Buddhist,5,0,No,,Yes,1,No,,,,,,,,,,,No,,,,,,,,,,,No,,,,,,,,,,,,,,,,,,,,,Barking/Howling/Crying Pee and poo Make a mess of garbage Attacked my pet Damaged crops Unsightly sexual behavior Injured or sick dog,1,1,1,1,0,1,0,0,0,1,0,0,0,0,1,0,0,0,0,4,I am unhappy,No change,Don’t know,Increased,Killed,No,,,,,,,,,,,,,,,,,,,,,,,,,,,,,,,,,,,,,,,,557117767,935b3ed5-9db9-41ab-9c01-abc9052d39c0,2025-09-12,,,submitted_via_web,,vAW8NdMgcmAyapkC7bYNq5,,210
2025-09-12,2025-09-19,,,,,,Pak Phli,Nong Seang,Moo 3,Yes,Yes,,Since 2020 or earlier,Female,Buddhist,2,0,Yes,1,No,,No,,,,,,,,,,,No,,,,,,,,,,,No,,,,,,,,,,,,,,,,,,,,,Barking/Howling/Crying Dog fights Concern for puppies,1,0,0,0,0,0,0,0,0,0,1,0,0,0,0,1,0,0,0,3,Neutral,Decreased,Fewer dogs now,No change,Sterilized and vaccinated and returned,No,,,,,,,,,,,,,,,,,,,,,,,,,,,,,,,,,,,,,,,,557118136,a8d3a396-45b9-4a81-947b-8a5cc645e5b5,2025-09-12,,,submitted_via_web,,vAW8NdMgcmAyapkC7bYNq5,,211
2025-09-12,2025-09-12,14.209931 101.303657 -16.683624267578125 100,14.209931,101.303657,-16.68362427,100,Pak Phli,Nong Seang,Moo 4,Yes,Yes,,Since 2020 or earlier,Male,Buddhist,3,3,No,,No,,No,,,,,,,,,,,No,,,,,,,,,,,Yes,Make a mess of garbage Chasing me or others,0,0,1,0,0,0,0,0,0,0,0,0,0,0,0,0,0,0,1,Make a mess of garbage Chasing me or others,0,0,1,0,0,0,0,0,0,0,0,0,0,0,0,0,0,0,1,2,Neutral,Increased,More dogs now,Increased,Rehomed as pets,No,,,,,,,,,,,,,,,,,,,,,,,,,,,,,,,,,,,,,,,,557118254,b0af6041-0fd1-4426-a3ff-3794199b4608,2025-09-12,,,submitted_via_web,,vAW8NdMgcmAyapkC7bYNq5,,212
2025-09-12,2025-09-16,14.20373 101.314125 -13.300000190734863 3.7899999618530273,14.20373,101.314125,-13.30000019,3.789999962,Pak Phli,Nong Seang,Moo 9,Yes,Yes,,Since 2020 or earlier,Female,Buddhist,5,0,No,,No,,Yes,Food,1,0,0,0,0,0,0,0,0,Yes,Food,1,0,0,0,0,0,0,0,0,Yes,Pee and poo Chase me on bike/motorbike,0,1,0,0,0,0,0,0,0,0,0,1,0,0,0,0,0,0,0,Barking/Howling/Crying Pee and poo Chase me on bike/motorbike,1,1,0,0,0,0,0,0,0,0,0,1,0,0,0,0,0,0,0,10,I do not accept,Decreased,Fewer dogs now,Decreased,Taken to shelter,No,,,,,,,,,,,,,,,,,,,,,,,,,,,,,,,,,,,,,,,,557118448,5cfd5428-fe75-481d-bb5d-c1e3e82b0b3d,2025-09-12,,,submitted_via_web,,vAW8NdMgcmAyapkC7bYNq5,,213
2025-09-12,2025-09-12,14.204022 101.314227 -13 82.5,14.204022,101.314227,-13,82.5,Pak Phli,Nong Seang,Moo 9,Yes,Yes,,Since 2020 or earlier,Female,Buddhist,2,0,No,,No,,No,,,,,,,,,,,No,,,,,,,,,,,Yes,Chasing me or others Injured or sick dog,0,0,0,0,0,0,0,0,0,0,0,0,0,0,1,0,0,0,1,Barking/Howling/Crying Chase me on bike/motorbike,1,0,0,0,0,0,0,0,0,0,0,1,0,0,0,0,0,0,0,2,I do not accept,No change,Don’t know,No change,Move them away,No,,,,,,,,,,,,,,,,,,,,,,,,,,,,,,,,,,,,,,,,557118630,abbc7b8e-c244-4af7-9d28-4d9f643616c9,2025-09-12,,,submitted_via_web,,vAW8NdMgcmAyapkC7bYNq5,,214
2025-09-12,2025-09-19,14.203468 101.313984 -13.199999809265137 3.992000102996826,14.203468,101.313984,-13.19999981,3.992000103,Pak Phli,Nong Seang,Moo 9,Yes,Yes,,Since 2020 or earlier,Female,Buddhist,2,0,No,,No,,No,,,,,,,,,,,Yes,Food,1,0,0,0,0,0,0,0,0,Yes,Chasing me or others Chase me on bike/motorbike,0,0,0,0,0,0,0,0,0,0,0,1,0,0,0,0,0,0,1,Chasing me or others Chase me on bike/motorbike,0,0,0,0,0,0,0,0,0,0,0,1,0,0,0,0,0,0,1,8,I am unhappy,Decreased,Fewer dogs now,No change,Sterilized and vaccinated and returned,No,,,,,,,,,,,,,,,,,,,,,,,,,,,,,,,,,,,,,,,,557119302,0ccb55cb-6a40-4a47-874e-199c4d8e42aa,2025-09-12,,,submitted_via_web,,vAW8NdMgcmAyapkC7bYNq5,,215
2025-09-12,2025-09-12,14.20374 101.314073 -13 20,14.20374,101.314073,-13,20,Pak Phli,Nong Seang,Moo 9,Yes,Yes,,Since 2020 or earlier,Female,Buddhist,1,0,No,,No,,No,,,,,,,,,,,No,,,,,,,,,,,Yes,Dog fights Chase me on bike/motorbike,0,0,0,0,0,0,0,0,0,0,1,1,0,0,0,0,0,0,0,Chasing me or others Chase me on bike/motorbike,0,0,0,0,0,0,0,0,0,0,0,1,0,0,0,0,0,0,1,4,I am unhappy,Decreased,About the same,Increased,Move them away,No,,,,,,,,,,,,,,,,,,,,,,,,,,,,,,,,,,,,,,,,557119456,1a96cd54-38ee-4b42-8194-c7f800e8fd3a,2025-09-12,,,submitted_via_web,,vAW8NdMgcmAyapkC7bYNq5,,216
2025-09-12,2025-09-12,14.197632 101.303035 -14.799999237060547 535.4130249023438,14.197632,101.303035,-14.79999924,535.4130249,Pak Phli,Nong Seang,Moo 3,Yes,Yes,,Since 2020 or earlier,Female,Prefer not to say,1,0,No,,Yes,2,No,,,,,,,,,,,No,,,,,,,,,,,No,,,,,,,,,,,,,,,,,,,,,Barking/Howling/Crying,1,0,0,0,0,0,0,0,0,0,0,0,0,0,0,0,0,0,0,1,Neutral,Decreased,Fewer dogs now,Decreased,Sterilized and vaccinated and returned,No,,,,,,,,,,,,,,,,,,,,,,,,,,,,,,,,,,,,,,,,557119519,616e1904-edef-4215-a2b4-3bdf0e5ba787,2025-09-12,,,submitted_via_web,,vAW8NdMgcmAyapkC7bYNq5,,217
2025-09-12,2025-09-16,14.213669 101.302732 -16.683624267578125 48.900001525878906,14.213669,101.302732,-16.68362427,48.90000153,Pak Phli,Nong Seang,Moo 4,Yes,Yes,,Since 2020 or earlier,Male,Buddhist,3,0,No,,Yes,1,Yes,Food Water Shelter,1,1,1,0,0,0,0,0,0,Yes,Food Water Shelter,1,1,1,0,0,0,0,0,0,No,,,,,,,,,,,,,,,,,,,,,,,,,,,,,,,,,,,,,,,,,1,I am accepting/OK,Decreased,Fewer dogs now,Decreased,Sterilized and vaccinated and returned,No,,,,,,,,,,,,,,,,,,,,,,,,,,,,,,,,,,,,,,,,557119749,c6298811-a90b-466e-8f42-7ef51c571f24,2025-09-12,,,submitted_via_web,,vAW8NdMgcmAyapkC7bYNq5,,218
2025-09-12,2025-09-12,14.199084 101.304873 -14.600000381469727 4.164999961853027,14.199084,101.304873,-14.60000038,4.164999962,Pak Phli,Nong Seang,Moo 3,Yes,Yes,,Since 2020 or earlier,Female,Buddhist,2,0,No,,Yes,5,Yes,Food Water,1,1,0,0,0,0,0,0,0,Yes,Food Water,1,1,0,0,0,0,0,0,0,Yes,Pee and poo Make a mess of garbage,0,1,1,0,0,0,0,0,0,0,0,0,0,0,0,0,0,0,0,Pee and poo Make a mess of garbage,0,1,1,0,0,0,0,0,0,0,0,0,0,0,0,0,0,0,0,2,I do not accept,Decreased,Fewer dogs now,Decreased,Sterilized and returned to street,No,,,,,,,,,,,,,,,,,,,,,,,,,,,,,,,,,,,,,,,,557119901,ad954e3f-6b13-44dd-aca5-e6b754792901,2025-09-12,,,submitted_via_web,,vAW8NdMgcmAyapkC7bYNq5,,219
2025-09-12,2025-09-12,14.213714 101.302876 -16.700000762939453 32.0989990234375,14.213714,101.302876,-16.70000076,32.09899902,Pak Phli,Nong Seang,Moo 4,Yes,Yes,,Since 2020 or earlier,Female,Buddhist,2,0,No,,No,,No,,,,,,,,,,,No,,,,,,,,,,,Yes,Barking/Howling/Crying,1,0,0,0,0,0,0,0,0,0,0,0,0,0,0,0,0,0,0,Barking/Howling/Crying,1,0,0,0,0,0,0,0,0,0,0,0,0,0,0,0,0,0,0,0,I am accepting/OK,No change,About the same,No change,Left alone,No,,,,,,,,,,,,,,,,,,,,,,,,,,,,,,,,,,,,,,,,557120085,d12f3416-7000-4e59-a059-8d834a866ead,2025-09-12,,,submitted_via_web,,vAW8NdMgcmAyapkC7bYNq5,,220
2025-09-12,2025-09-12,14.20216 101.313401 -12.800000190734863 5.690999984741211,14.20216,101.313401,-12.80000019,5.690999985,Pak Phli,Nong Seang,Moo 9,Yes,Yes,,Since 2020 or earlier,Female,Buddhist,9,2,No,,No,,No,,,,,,,,,,,Yes,Food,1,0,0,0,0,0,0,0,0,Yes,Barking/Howling/Crying Chase me on bike/motorbike,1,0,0,0,0,0,0,0,0,0,0,1,0,0,0,0,0,0,0,Barking/Howling/Crying Chase me on bike/motorbike,1,0,0,0,0,0,0,0,0,0,0,1,0,0,0,0,0,0,0,10,I do not accept,No change,About the same,No change,Taken to shelter,No,,,,,,,,,,,,,,,,,,,,,,,,,,,,,,,,,,,,,,,,557121046,66b5ac57-b8fd-4020-9510-2ced6842b21a,2025-09-12,,,submitted_via_web,,vAW8NdMgcmAyapkC7bYNq5,,221
2025-09-12,2025-09-12,14.202115 101.31355 -12.800000190734863 4.699999809265137,14.202115,101.31355,-12.80000019,4.699999809,Pak Phli,Nong Seang,Moo 9,Yes,Yes,,Since 2020 or earlier,Female,Buddhist,4,0,No,,No,,No,,,,,,,,,,,No,,,,,,,,,,,Yes,Chase me on bike/motorbike Destroy my property,0,0,0,0,0,0,0,0,0,0,0,1,1,0,0,0,0,0,0,Make a mess of garbage Chasing me or others Dog fights,0,0,1,0,0,0,0,0,0,0,1,0,0,0,0,0,0,0,1,4,I am unhappy,No change,About the same,No change,Move them away,No,,,,,,,,,,,,,,,,,,,,,,,,,,,,,,,,,,,,,,,,557121185,53b3f225-14ab-43c1-a4fa-db04df276149,2025-09-12,,,submitted_via_web,,vAW8NdMgcmAyapkC7bYNq5,,222
2025-09-12,2025-09-12,14.199601 101.304998 -14.799999237060547 100,14.199601,101.304998,-14.79999924,100,Pak Phli,Nong Seang,Moo 3,Yes,Yes,,Since 2020 or earlier,Male,Buddhist,2,0,No,,No,,No,,,,,,,,,,,No,,,,,,,,,,,Yes,Barking/Howling/Crying Attacked livestock,1,0,0,0,1,0,0,0,0,0,0,0,0,0,0,0,0,0,0,Barking/Howling/Crying Attacked my pet Chasing me or others,1,0,0,1,0,0,0,0,0,0,0,0,0,0,0,0,0,0,1,1,I am unhappy,Decreased,Fewer dogs now,Decreased,Move them away,No,,,,,,,,,,,,,,,,,,,,,,,,,,,,,,,,,,,,,,,,557121783,78d16804-701c-49fa-a981-e894d7e8304f,2025-09-12,,,submitted_via_web,,vAW8NdMgcmAyapkC7bYNq5,,223
2025-09-12,2025-09-16,14.201774 101.313318 -14.600000381469727 106.72599792480469,14.201774,101.313318,-14.60000038,106.7259979,Pak Phli,Nong Seang,Moo 9,Yes,Yes,,Since 2020 or earlier,Female,Buddhist,2,0,No,,No,,No,,,,,,,,,,,No,,,,,,,,,,,Yes,Pee and poo Make a mess of garbage,0,1,1,0,0,0,0,0,0,0,0,0,0,0,0,0,0,0,0,Pee and poo Make a mess of garbage,0,1,1,0,0,0,0,0,0,0,0,0,0,0,0,0,0,0,0,2,Neutral,Decreased,Fewer dogs now,Decreased,Move them away,No,,,,,,,,,,,,,,,,,,,,,,,,,,,,,,,,,,,,,,,,557123454,65646ae9-7055-452d-86d5-806f2c30e932,2025-09-12,,,submitted_via_web,,vAW8NdMgcmAyapkC7bYNq5,,224
2025-09-12,2025-09-16,14.213654 101.303179 13.192281755508022 26.97831936912831,14.213654,101.303179,13.19228176,26.97831937,Pak Phli,Nong Seang,Moo 4,Yes,Yes,,Since 2020 or earlier,Female,Buddhist,1,0,No,,No,,No,,,,,,,,,,,No,,,,,,,,,,,Yes,Barking/Howling/Crying Pee and poo,1,1,0,0,0,0,0,0,0,0,0,0,0,0,0,0,0,0,0,Barking/Howling/Crying Pee and poo,1,1,0,0,0,0,0,0,0,0,0,0,0,0,0,0,0,0,0,0,Neutral,Decreased,Fewer dogs now,Decreased,Taken to shelter,No,,,,,,,,,,,,,,,,,,,,,,,,,,,,,,,,,,,,,,,,557124061,f5c69716-4a12-44d5-9453-b41451cee43a,2025-09-12,,,submitted_via_web,,vAW8NdMgcmAyapkC7bYNq5,,225
2025-09-12,2025-09-12,14.213312 101.303063 -17.45245361328125 3.7899999618530273,14.213312,101.303063,-17.45245361,3.789999962,Pak Phli,Nong Seang,Moo 4,Yes,Yes,,Since 2020 or earlier,Female,Buddhist,3,1,No,,Yes,2,No,,,,,,,,,,,No,,,,,,,,,,,No,,,,,,,,,,,,,,,,,,,,,Make a mess of garbage Dog fights,0,0,1,0,0,0,0,0,0,0,1,0,0,0,0,0,0,0,0,1,Neutral,Increased,More dogs now,Increased,Sterilized and vaccinated and returned,No,,,,,,,,,,,,,,,,,,,,,,,,,,,,,,,,,,,,,,,,557124349,adda25bc-47a9-448f-91db-4f094e615506,2025-09-12,,,submitted_via_web,,vAW8NdMgcmAyapkC7bYNq5,,226
2025-09-12,2025-09-12,14.213634 101.303019 10.124933242797852 35,14.213634,101.303019,10.12493324,35,Pak Phli,Nong Seang,Moo 4,Yes,Yes,,Since 2020 or earlier,Female,Buddhist,4,0,No,,Yes,5,No,,,,,,,,,,,No,,,,,,,,,,,No,,,,,,,,,,,,,,,,,,,,,Barking/Howling/Crying Make a mess of garbage,1,0,1,0,0,0,0,0,0,0,0,0,0,0,0,0,0,0,0,3,I am accepting/OK,Decreased,Fewer dogs now,Decreased,Sterilized and vaccinated and returned,No,,,,,,,,,,,,,,,,,,,,,,,,,,,,,,,,,,,,,,,,557124503,11370d07-9a8f-4477-ba5a-87da61d435d1,2025-09-12,,,submitted_via_web,,vAW8NdMgcmAyapkC7bYNq5,,227
2025-09-12,2025-09-12,14.199529 101.303892 -15.700000762939453 82.5,14.199529,101.303892,-15.70000076,82.5,Pak Phli,Nong Seang,Moo 3,Yes,Yes,,Since 2020 or earlier,Female,Buddhist,1,0,No,,No,,No,,,,,,,,,,,No,,,,,,,,,,,No,,,,,,,,,,,,,,,,,,,,,Barking/Howling/Crying Pee and poo,1,1,0,0,0,0,0,0,0,0,0,0,0,0,0,0,0,0,0,1,Neutral,Decreased,Fewer dogs now,Decreased,Taken to shelter,No,,,,,,,,,,,,,,,,,,,,,,,,,,,,,,,,,,,,,,,,557124793,932b729a-fcd5-4fe5-8880-d214f60861a8,2025-09-12,,,submitted_via_web,,vAW8NdMgcmAyapkC7bYNq5,,228
2025-09-12,2025-09-19,,,,,,Pak Phli,Nong Seang,Moo 3,Yes,Yes,,Since 2020 or earlier,Male,Buddhist,3,1,No,,No,,No,,,,,,,,,,,No,,,,,,,,,,,No,,,,,,,,,,,,,,,,,,,,,Barking/Howling/Crying Pee and poo,1,1,0,0,0,0,0,0,0,0,0,0,0,0,0,0,0,0,0,2,Neutral,Decreased,Fewer dogs now,No change,Sterilized and vaccinated and returned,No,,,,,,,,,,,,,,,,,,,,,,,,,,,,,,,,,,,,,,,,557125455,2c50ee3f-48a0-4a29-9275-1302ca10a7df,2025-09-12,,,submitted_via_web,,vAW8NdMgcmAyapkC7bYNq5,,229
2025-09-12,2025-09-12,14.199436 101.304104 -15.700000762939453 3.9590001106262207,14.199436,101.304104,-15.70000076,3.959000111,Pak Phli,Nong Seang,Moo 3,Yes,Yes,,Since 2020 or earlier,Female,Buddhist,5,1,No,,Yes,5,No,,,,,,,,,,,No,,,,,,,,,,,No,,,,,,,,,,,,,,,,,,,,,,,,,,,,,,,,,,,,,,,,,3,I am accepting/OK,Decreased,Fewer dogs now,Decreased,Sterilized and returned to street,No,,,,,,,,,,,,,,,,,,,,,,,,,,,,,,,,,,,,,,,,557126025,da9b125c-84fc-4f2b-aa37-26e4de3f14b2,2025-09-12,,,submitted_via_web,,vAW8NdMgcmAyapkC7bYNq5,,230
2025-09-12,2025-09-12,14.212807 101.303506 12.232601165771484 3.5355339059327373,14.212807,101.303506,12.23260117,3.535533906,Pak Phli,Nong Seang,Moo 4,Yes,Yes,,Since 2020 or earlier,Female,Buddhist,4,2,No,,No,,No,,,,,,,,,,,No,,,,,,,,,,,Yes,Barking/Howling/Crying Pee and poo Make a mess of garbage,1,1,1,0,0,0,0,0,0,0,0,0,0,0,0,0,0,0,0,Barking/Howling/Crying Pee and poo Make a mess of garbage,1,1,1,0,0,0,0,0,0,0,0,0,0,0,0,0,0,0,0,0,Neutral,No change,About the same,Decreased,Rehomed as pets,No,,,,,,,,,,,,,,,,,,,,,,,,,,,,,,,,,,,,,,,,557126894,e1d58a61-0add-455b-b4e3-0044ceba2471,2025-09-12,,,submitted_via_web,,vAW8NdMgcmAyapkC7bYNq5,,231
2025-09-12,2025-09-12,14.212653 101.303534 -17.45245361328125 22.770999908447266,14.212653,101.303534,-17.45245361,22.77099991,Pak Phli,Nong Seang,Moo 4,Yes,Yes,,Since 2020 or earlier,Male,Buddhist,3,1,No,,Yes,2,No,,,,,,,,,,,No,,,,,,,,,,,Yes,Make a mess of garbage Chasing me or others Dog fights,0,0,1,0,0,0,0,0,0,0,1,0,0,0,0,0,0,0,1,Make a mess of garbage Chasing me or others Dog fights,0,0,1,0,0,0,0,0,0,0,1,0,0,0,0,0,0,0,1,1,I am accepting/OK,Increased,More dogs now,Increased,Taken to shelter,No,,,,,,,,,,,,,,,,,,,,,,,,,,,,,,,,,,,,,,,,557127181,b3bebc89-fa91-44cc-8030-6e1c5ba5dd13,2025-09-12,,,submitted_via_web,,vAW8NdMgcmAyapkC7bYNq5,,232
2025-09-12,2025-09-12,14.213247 101.303107 -23.200000000000003 19.174999237060547,14.213247,101.303107,-23.2,19.17499924,Pak Phli,Nong Seang,Moo 4,Yes,Yes,,Since 2020 or earlier,Female,Buddhist,2,1,Yes,1,Yes,2,No,,,,,,,,,,,No,,,,,,,,,,,No,,,,,,,,,,,,,,,,,,,,,Dog fights,0,0,0,0,0,0,0,0,0,0,1,0,0,0,0,0,0,0,0,0,I am happy,No change,About the same,No change,Taken to shelter,No,,,,,,,,,,,,,,,,,,,,,,,,,,,,,,,,,,,,,,,,557127474,ce156167-ba23-441d-9bcd-1db15cbd11be,2025-09-12,,,submitted_via_web,,vAW8NdMgcmAyapkC7bYNq5,,233
2025-09-12,2025-09-12,14.198241 101.305446 -15.700000762939453 4.129000186920166,14.198241,101.305446,-15.70000076,4.129000187,Pak Phli,Nong Seang,Moo 3,Yes,Yes,,Since 2020 or earlier,Male,Buddhist,1,0,No,,No,,No,,,,,,,,,,,No,,,,,,,,,,,Yes,Pee and poo Make a mess of garbage,0,1,1,0,0,0,0,0,0,0,0,0,0,0,0,0,0,0,0,Barking/Howling/Crying Pee and poo Make a mess of garbage,1,1,1,0,0,0,0,0,0,0,0,0,0,0,0,0,0,0,0,7,I do not accept,Decreased,Fewer dogs now,Decreased,Rehomed as pets,No,,,,,,,,,,,,,,,,,,,,,,,,,,,,,,,,,,,,,,,,557129889,5ddb6848-ff8a-48b1-b137-ce23ae3958fa,2025-09-12,,,submitted_via_web,,vAW8NdMgcmAyapkC7bYNq5,,234
2025-09-12,2025-09-12,14.213171 101.304943 16.945234298706055 35,14.213171,101.304943,16.9452343,35,Pak Phli,Nong Seang,Moo 4,Yes,Yes,,Since 2020 or earlier,Female,Buddhist,2,1,No,,Yes,4,No,,,,,,,,,,,No,,,,,,,,,,,No,,,,,,,,,,,,,,,,,,,,,Make a mess of garbage,0,0,1,0,0,0,0,0,0,0,0,0,0,0,0,0,0,0,0,3,Neutral,Decreased,Fewer dogs now,Decreased,Sterilized and vaccinated and returned,No,,,,,,,,,,,,,,,,,,,,,,,,,,,,,,,,,,,,,,,,557133091,5aec65cf-bd1f-413d-8534-071dd50caf84,2025-09-12,,,submitted_via_web,,vAW8NdMgcmAyapkC7bYNq5,,235
2025-09-12,2025-09-12,14.216174 101.306875 19.291007041931152 35,14.216174,101.306875,19.29100704,35,Pak Phli,Nong Seang,Moo 4,Yes,Yes,,Since 2020 or earlier,Female,Buddhist,2,0,No,,Yes,1,Yes,Food Water,1,1,0,0,0,0,0,0,0,Yes,Food Water,1,1,0,0,0,0,0,0,0,Yes,Make a mess of garbage,0,0,1,0,0,0,0,0,0,0,0,0,0,0,0,0,0,0,0,Barking/Howling/Crying Make a mess of garbage,1,0,1,0,0,0,0,0,0,0,0,0,0,0,0,0,0,0,0,0,Neutral,Decreased,Fewer dogs now,Decreased,Sterilized and vaccinated and returned,No,,,,,,,,,,,,,,,,,,,,,,,,,,,,,,,,,,,,,,,,557136959,2332fbe1-de2e-42c6-b825-428c6965dcbb,2025-09-12,,,submitted_via_web,,vAW8NdMgcmAyapkC7bYNq5,,236
2025-09-12,2025-09-16,14.215177 101.30651 -12.800000190734863 10.300000190734863,14.215177,101.30651,-12.80000019,10.30000019,Pak Phli,Nong Seang,Moo 4,Yes,Yes,,Since 2020 or earlier,Female,Buddhist,3,0,No,,Yes,3,Yes,Food,1,0,0,0,0,0,0,0,0,Yes,Food Water,1,1,0,0,0,0,0,0,0,No,,,,,,,,,,,,,,,,,,,,,Dog fights,0,0,0,0,0,0,0,0,0,0,1,0,0,0,0,0,0,0,0,0,I am happy,Decreased,Fewer dogs now,Decreased,Sterilized and vaccinated and returned,No,,,,,,,,,,,,,,,,,,,,,,,,,,,,,,,,,,,,,,,,557137241,e8a16287-a410-42b1-90ed-8ef6584c5b5f,2025-09-12,,,submitted_via_web,,vAW8NdMgcmAyapkC7bYNq5,,237
2025-09-12,2025-09-12,14.216187 101.306857 19.30541229248047 35,14.216187,101.306857,19.30541229,35,Pak Phli,Nong Seang,,Yes,Yes,,Since 2020 or earlier,Male,Buddhist,2,1,No,,No,,No,,,,,,,,,,,No,,,,,,,,,,,Yes,Barking/Howling/Crying,1,0,0,0,0,0,0,0,0,0,0,0,0,0,0,0,0,0,0,Barking/Howling/Crying,1,0,0,0,0,0,0,0,0,0,0,0,0,0,0,0,0,0,0,0,Neutral,Decreased,Fewer dogs now,Decreased,Sterilized and vaccinated and returned,No,,,,,,,,,,,,,,,,,,,,,,,,,,,,,,,,,,,,,,,,557137963,38dec79a-7a4c-41f2-8ac9-8fc4635549cf,2025-09-12,,,submitted_via_web,,vAW8NdMgcmAyapkC7bYNq5,,238
2025-09-18,2025-09-18,,,,,,Pak Phli,Khok Kruat,Moo 5,No,,,,,,,,,,,,,,,,,,,,,,,,,,,,,,,,,,,,,,,,,,,,,,,,,,,,,,,,,,,,,,,,,,,,,,,,,,,,,,,,,,,,,,,,,,,,,,,,,,,,,,,,,,,,,,,,,,,,,,,,,561477636,864615a9-2e97-4697-b336-0d85e461f1a3,2025-09-18,,,submitted_via_web,,vAW8NdMgcmAyapkC7bYNq5,,239
2025-09-19,2025-09-19,14.179982 101.296923 -16.399999618530273 12.100000381469727,14.179982,101.296923,-16.39999962,12.10000038,Pak Phli,Khok Kruat,Moo 5,No,,,,,,,,,,,,,,,,,,,,,,,,,,,,,,,,,,,,,,,,,,,,,,,,,,,,,,,,,,,,,,,,,,,,,,,,,,,,,,,,,,,,,,,,,,,,,,,,,,,,,,,,,,,,,,,,,,,,,,,,,562084710,8f6eff2d-047e-41e8-a37e-d5a0a2856b66,2025-09-19,,,submitted_via_web,,vAW8NdMgcmAyapkC7bYNq5,,240
2025-09-12,2025-09-19,,,,,,Pak Phli,Khok Kruat,Moo 4,Yes,Yes,,Since 2020 or earlier,Female,Buddhist,3,0,No,,Yes,1,No,,,,,,,,,,,Yes,Food Water,1,1,0,0,0,0,0,0,0,No,,,,,,,,,,,,,,,,,,,,,,,,,,,,,,,,,,,,,,,,,4,I am accepting/OK,No change,About the same,No change,Left alone,No,,,,,,,,,,,,,,,,,,,,,,,,,,,,,,,,,,,,,,,,562084835,117ad175-dde5-4953-9255-457f6313fe8b,2025-09-19,,,submitted_via_web,,vAW8NdMgcmAyapkC7bYNq5,,241
2025-09-12,2025-09-19,14.186768 101.299018 -15.899999618530273 6.599999904632568,14.186768,101.299018,-15.89999962,6.599999905,Pak Phli,Khok Kruat,Moo 2,Yes,Yes,,Since 2020 or earlier,Male,Buddhist,4,2,No,,Yes,2,Yes,Water,0,1,0,0,0,0,0,0,0,Yes,Water,0,1,0,0,0,0,0,0,0,Yes,Pee and poo Attacked my pet,0,1,0,1,0,0,0,0,0,0,0,0,0,0,0,0,0,0,0,Barking/Howling/Crying Pee and poo Make a mess of garbage,1,1,1,0,0,0,0,0,0,0,0,0,0,0,0,0,0,0,0,6,Neutral,Increased,More dogs now,No change,Sterilized and vaccinated and returned,No,,,,,,,,,,,,,,,,,,,,,,,,,,,,,,,,,,,,,,,,562084988,b3d4a7ce-1703-4d30-8779-43dfbd71efa7,2025-09-19,,,submitted_via_web,,vAW8NdMgcmAyapkC7bYNq5,,242
2025-09-19,2025-09-19,14.180169 101.29726 10.817441463470459 59.851935824576174,14.180169,101.29726,10.81744146,59.85193582,Pak Phli,Khok Kruat,,Yes,Yes,,Since 2020 or earlier,Female,Buddhist,2,0,No,,No,,No,,,,,,,,,,,No,,,,,,,,,,,No,,,,,,,,,,,,,,,,,,,,,Barking/Howling/Crying Pee and poo,1,1,0,0,0,0,0,0,0,0,0,0,0,0,0,0,0,0,0,0,Neutral,Decreased,Don’t know,Decreased,Sterilized and vaccinated and returned,No,,,,,,,,,,,,,,,,,,,,,,,,,,,,,,,,,,,,,,,,562085077,0c351e39-f5af-44d3-80ba-c76a4648c067,2025-09-19,,,submitted_via_web,,vAW8NdMgcmAyapkC7bYNq5,,243
2025-09-12,2025-09-19,,,,,,Pak Phli,Khok Kruat,Moo 4,Yes,Yes,,Since 2020 or earlier,Male,Buddhist,2,1,No,,No,,No,,,,,,,,,,,No,,,,,,,,,,,Yes,Barking/Howling/Crying Pee and poo Make a mess of garbage Attacked my pet,1,1,1,1,0,0,0,0,0,0,0,0,0,0,0,0,0,0,0,Barking/Howling/Crying Pee and poo Make a mess of garbage Attacked my pet Damaged crops Dog fights,1,1,1,1,0,1,0,0,0,0,1,0,0,0,0,0,0,0,0,5,Neutral,No change,Don’t know,No change,Sterilized and vaccinated and returned,No,,,,,,,,,,,,,,,,,,,,,,,,,,,,,,,,,,,,,,,,562085100,2cb74675-721d-4820-a70a-c71f03beaa71,2025-09-19,,,submitted_via_web,,vAW8NdMgcmAyapkC7bYNq5,,244
2025-09-19,2025-09-19,,,,,,Pak Phli,Khok Kruat,Moo 2,Yes,Yes,,Since 2020 or earlier,Female,Buddhist,3,0,No,,Yes,1,No,,,,,,,,,,,No,,,,,,,,,,,No,,,,,,,,,,,,,,,,,,,,,Barking/Howling/Crying,1,0,0,0,0,0,0,0,0,0,0,0,0,0,0,0,0,0,0,6,I am accepting/OK,Decreased,Fewer dogs now,Decreased,Sterilized and returned to street,No,,,,,,,,,,,,,,,,,,,,,,,,,,,,,,,,,,,,,,,,562085212,81bcec8a-99e1-4d0d-9104-3dae4361ddf2,2025-09-19,,,submitted_via_web,,vAW8NdMgcmAyapkC7bYNq5,,245
2025-09-19,2025-09-19,,,,,,Pak Phli,Khok Kruat,Moo 4,Yes,Yes,,Since 2020 or earlier,Female,Buddhist,6,2,No,,No,,No,,,,,,,,,,,No,,,,,,,,,,,No,,,,,,,,,,,,,,,,,,,,,Attacked livestock Biting me or other adults,0,0,0,0,1,0,1,0,0,0,0,0,0,0,0,0,0,0,0,6,Neutral,No change,About the same,No change,Sterilized and returned to street,No,,,,,,,,,,,,,,,,,,,,,,,,,,,,,,,,,,,,,,,,562085221,6d867e0d-4574-4497-9072-a695db7aee8c,2025-09-19,,,submitted_via_web,,vAW8NdMgcmAyapkC7bYNq5,,246
2025-09-12,2025-09-19,14.17569 101.306939 -13.800000190734863 36.900001525878906,14.17569,101.306939,-13.80000019,36.90000153,Pak Phli,Khok Kruat,Moo 4,Yes,Yes,,Since 2020 or earlier,Female,Buddhist,3,0,No,,Yes,1,No,,,,,,,,,,,No,,,,,,,,,,,No,,,,,,,,,,,,,,,,,,,,,Barking/Howling/Crying Pee and poo,1,1,0,0,0,0,0,0,0,0,0,0,0,0,0,0,0,0,0,0,Neutral,Decreased,Don’t know,Decreased,Move them away,No,,,,,,,,,,,,,,,,,,,,,,,,,,,,,,,,,,,,,,,,562085379,ff89ad1d-3ef2-4dd0-a4c0-df362c6b9c0f,2025-09-19,,,submitted_via_web,,vAW8NdMgcmAyapkC7bYNq5,,247
2025-09-19,2025-09-19,14.186753 101.299393 -16.299999237060547 13.725000381469727,14.186753,101.299393,-16.29999924,13.72500038,Pak Phli,Khok Kruat,Moo 2,Yes,Yes,,Since 2020 or earlier,Female,Buddhist,5,0,No,,Yes,1,Yes,Food Water,1,1,0,0,0,0,0,0,0,Yes,Food Water,1,1,0,0,0,0,0,0,0,Yes,Barking/Howling/Crying Pee and poo,1,1,0,0,0,0,0,0,0,0,0,0,0,0,0,0,0,0,0,Barking/Howling/Crying Pee and poo,1,1,0,0,0,0,0,0,0,0,0,0,0,0,0,0,0,0,0,6,Neutral,No change,About the same,No change,Sterilized and vaccinated and returned,No,,,,,,,,,,,,,,,,,,,,,,,,,,,,,,,,,,,,,,,,562085507,33ad758f-b661-4c83-9449-5208746da98b,2025-09-19,,,submitted_via_web,,vAW8NdMgcmAyapkC7bYNq5,,248
2025-09-19,2025-09-19,14.180055 101.29709 -16.399999618530273 3.799999952316284,14.180055,101.29709,-16.39999962,3.799999952,Pak Phli,Khok Kruat,Moo 5,Yes,Yes,,Since 2020 or earlier,Female,Buddhist,3,0,No,,Yes,1,No,,,,,,,,,,,No,,,,,,,,,,,No,,,,,,,,,,,,,,,,,,,,,Barking/Howling/Crying,1,0,0,0,0,0,0,0,0,0,0,0,0,0,0,0,0,0,0,0,Neutral,No change,Don’t know,No change,Rehomed as pets,No,,,,,,,,,,,,,,,,,,,,,,,,,,,,,,,,,,,,,,,,562085956,28328c1f-2ba8-45d0-ae8c-177620dd8f51,2025-09-19,,,submitted_via_web,,vAW8NdMgcmAyapkC7bYNq5,,249
2025-09-19,2025-09-19,14.186418 101.298817 -16.299999237060547 82.5,14.186418,101.298817,-16.29999924,82.5,Pak Phli,Khok Kruat,Moo 2,Yes,Yes,,Since 2020 or earlier,Male,Buddhist,4,0,No,,Yes,1,No,,,,,,,,,,,No,,,,,,,,,,,No,,,,,,,,,,,,,,,,,,,,,Barking/Howling/Crying,1,0,0,0,0,0,0,0,0,0,0,0,0,0,0,0,0,0,0,2,Neutral,Increased,Fewer dogs now,No change,Sterilized and vaccinated and returned,No,,,,,,,,,,,,,,,,,,,,,,,,,,,,,,,,,,,,,,,,562086169,5908e1e0-5089-4570-841b-a4919fb741b9,2025-09-19,,,submitted_via_web,,vAW8NdMgcmAyapkC7bYNq5,,250
2025-09-19,2025-09-19,,,,,,Pak Phli,Khok Kruat,Moo 4,Yes,Yes,,Since 2020 or earlier,Male,Buddhist,3,2,No,,No,,No,,,,,,,,,,,No,,,,,,,,,,,Yes,Destroy my property Concern for puppies,0,0,0,0,0,0,0,0,0,0,0,0,1,0,0,1,0,0,0,Make a mess of garbage Chase me on bike/motorbike,0,0,1,0,0,0,0,0,0,0,0,1,0,0,0,0,0,0,0,1,I am unhappy,No change,About the same,No change,Sterilized and returned to street,No,,,,,,,,,,,,,,,,,,,,,,,,,,,,,,,,,,,,,,,,562086400,8d03366c-7c6d-4cde-b124-5df74cae7e1f,2025-09-19,,,submitted_via_web,,vAW8NdMgcmAyapkC7bYNq5,,251
2025-09-19,2025-09-19,,,,,,Pak Phli,Khok Kruat,Moo 4,Yes,Yes,,Since 2020 or earlier,Male,Buddhist,4,1,No,,Yes,1,No,,,,,,,,,,,No,,,,,,,,,,,No,,,,,,,,,,,,,,,,,,,,,Chasing me or others,0,0,0,0,0,0,0,0,0,0,0,0,0,0,0,0,0,0,1,2,Neutral,Decreased,Fewer dogs now,Decreased,Sterilized and returned to street,No,,,,,,,,,,,,,,,,,,,,,,,,,,,,,,,,,,,,,,,,562086448,98e58aaf-0169-4378-b0af-39d2a9d509fd,2025-09-19,,,submitted_via_web,,vAW8NdMgcmAyapkC7bYNq5,,252
2025-09-19,2025-09-19,14.18686 101.299356 -15.899999618530273 62.01599884033203,14.18686,101.299356,-15.89999962,62.01599884,Pak Phli,Khok Kruat,Moo 2,Yes,Yes,,Since 2020 or earlier,Male,Buddhist,3,0,No,,Yes,1,No,,,,,,,,,,,No,,,,,,,,,,,No,,,,,,,,,,,,,,,,,,,,,Barking/Howling/Crying Pee and poo Make a mess of garbage,1,1,1,0,0,0,0,0,0,0,0,0,0,0,0,0,0,0,0,2,I am accepting/OK,Decreased,Fewer dogs now,Decreased,Sterilized and vaccinated and returned,No,,,,,,,,,,,,,,,,,,,,,,,,,,,,,,,,,,,,,,,,562086615,919f6980-57ae-4b6b-a516-a42d99782ebf,2025-09-19,,,submitted_via_web,,vAW8NdMgcmAyapkC7bYNq5,,253
2025-09-19,2025-09-19,14.180077 101.297472 10.81822919845581 38.905040975268335,14.180077,101.297472,10.8182292,38.90504098,Pak Phli,Khok Kruat,Moo 5,Yes,Yes,,Since 2020 or earlier,Female,Buddhist,7,2,No,,Yes,1,No,,,,,,,,,,,No,,,,,,,,,,,No,,,,,,,,,,,,,,,,,,,,,Barking/Howling/Crying Pee and poo,1,1,0,0,0,0,0,0,0,0,0,0,0,0,0,0,0,0,0,2,I do not accept,Decreased,Don’t know,Decreased,Sterilized and vaccinated and returned,No,,,,,,,,,,,,,,,,,,,,,,,,,,,,,,,,,,,,,,,,562087153,fedee47c-dff0-407f-b41d-df6bcfe081ff,2025-09-19,,,submitted_via_web,,vAW8NdMgcmAyapkC7bYNq5,,254
2025-09-19,2025-09-19,14.180964 101.297817 -14.899999618530273 45.599998474121094,14.180964,101.297817,-14.89999962,45.59999847,Pak Phli,Khok Kruat,Moo 5,Yes,Yes,,Since 2020 or earlier,Male,Buddhist,5,0,No,,No,,No,,,,,,,,,,,No,,,,,,,,,,,No,,,,,,,,,,,,,,,,,,,,,Attacked my pet Chasing me or others,0,0,0,1,0,0,0,0,0,0,0,0,0,0,0,0,0,0,1,0,I am accepting/OK,No change,About the same,No change,Move them away,No,,,,,,,,,,,,,,,,,,,,,,,,,,,,,,,,,,,,,,,,562087349,31103a06-19b4-431c-9caf-e2661567e9e2,2025-09-19,,,submitted_via_web,,vAW8NdMgcmAyapkC7bYNq5,,255
2025-09-19,2025-09-19,,,,,,Pak Phli,Khok Kruat,,Yes,Yes,,Since 2020 or earlier,Female,Buddhist,1,0,No,,No,,No,,,,,,,,,,,No,,,,,,,,,,,No,,,,,,,,,,,,,,,,,,,,,Make a mess of garbage,0,0,1,0,0,0,0,0,0,0,0,0,0,0,0,0,0,0,0,6,I am happy,Decreased,Fewer dogs now,Decreased,Sterilized and returned to street,No,,,,,,,,,,,,,,,,,,,,,,,,,,,,,,,,,,,,,,,,562087534,3e1c3224-9d4e-475a-ab92-2920ddf544da,2025-09-19,,,submitted_via_web,,vAW8NdMgcmAyapkC7bYNq5,,256
2025-09-19,2025-09-19,14.180661 101.297417 -16.399999618530273 6.895999908447266,14.180661,101.297417,-16.39999962,6.895999908,Pak Phli,Khok Kruat,Moo 5,Yes,Yes,,Since 2020 or earlier,Male,Buddhist,2,0,Yes,3,Yes,2,No,,,,,,,,,,,No,,,,,,,,,,,No,,,,,,,,,,,,,,,,,,,,,,,,,,,,,,,,,,,,,,,,,0,I am accepting/OK,Decreased,Fewer dogs now,Decreased,Sterilized and vaccinated and returned,No,,,,,,,,,,,,,,,,,,,,,,,,,,,,,,,,,,,,,,,,562087659,10276de6-1dc8-4d79-a839-2a9dee0f5f93,2025-09-19,,,submitted_via_web,,vAW8NdMgcmAyapkC7bYNq5,,257
2025-09-19,2025-09-19,14.175148 101.306567 -13.59999942779541 21.819000244140625,14.175148,101.306567,-13.59999943,21.81900024,Pak Phli,Khok Kruat,Moo 4,Yes,Yes,,Since 2020 or earlier,Female,Buddhist,3,0,No,,Yes,2,Yes,Food Water,1,1,0,0,0,0,0,0,0,No,,,,,,,,,,,Yes,Barking/Howling/Crying Pee and poo Dog fights,1,1,0,0,0,0,0,0,0,0,1,0,0,0,0,0,0,0,0,Barking/Howling/Crying Pee and poo Make a mess of garbage,1,1,1,0,0,0,0,0,0,0,0,0,0,0,0,0,0,0,0,4,Neutral,Decreased,Fewer dogs now,Decreased,Taken to shelter,No,,,,,,,,,,,,,,,,,,,,,,,,,,,,,,,,,,,,,,,,562087797,c0d2bd20-73ca-4ea2-83eb-58492d776e2f,2025-09-19,,,submitted_via_web,,vAW8NdMgcmAyapkC7bYNq5,,258
2025-09-19,2025-09-19,14.186661 101.299301 -16.299999237060547 82.5,14.186661,101.299301,-16.29999924,82.5,Pak Phli,Khok Kruat,Moo 2,Yes,Yes,,Since 2020 or earlier,Female,Buddhist,3,1,Yes,2,Yes,1,No,,,,,,,,,,,No,,,,,,,,,,,No,,,,,,,,,,,,,,,,,,,,,Barking/Howling/Crying,1,0,0,0,0,0,0,0,0,0,0,0,0,0,0,0,0,0,0,5,I am accepting/OK,Decreased,About the same,Decreased,Sterilized and vaccinated and returned,No,,,,,,,,,,,,,,,,,,,,,,,,,,,,,,,,,,,,,,,,562087859,136766fd-d16b-4b17-a087-01fe5ddd8b34,2025-09-19,,,submitted_via_web,,vAW8NdMgcmAyapkC7bYNq5,,259
2025-09-19,2025-09-19,,,,,,Pak Phli,Khok Kruat,Moo 4,Yes,Yes,,Since 2020 or earlier,Male,Buddhist,1,0,No,,Yes,1,No,,,,,,,,,,,No,,,,,,,,,,,Yes,Barking/Howling/Crying Pee and poo Make a mess of garbage,1,1,1,0,0,0,0,0,0,0,0,0,0,0,0,0,0,0,0,Barking/Howling/Crying Pee and poo Make a mess of garbage Attacked my pet,1,1,1,1,0,0,0,0,0,0,0,0,0,0,0,0,0,0,0,3,Neutral,No change,About the same,No change,Sterilized and vaccinated and returned,No,,,,,,,,,,,,,,,,,,,,,,,,,,,,,,,,,,,,,,,,562087943,af04e387-37d0-4145-898b-5a49d82ea407,2025-09-19,,,submitted_via_web,,vAW8NdMgcmAyapkC7bYNq5,,260
2025-09-19,2025-09-19,,,,,,Pak Phli,Khok Kruat,Moo 4,Yes,Yes,,Since 2020 or earlier,Prefer not to say,Buddhist,8,4,No,,No,,No,,,,,,,,,,,No,,,,,,,,,,,No,,,,,,,,,,,,,,,,,,,,,,,,,,,,,,,,,,,,,,,,,0,Neutral,No change,About the same,No change,Left alone,No,,,,,,,,,,,,,,,,,,,,,,,,,,,,,,,,,,,,,,,,562088447,9ea1c6d9-7892-485e-8df3-1cca441a94c8,2025-09-19,,,submitted_via_web,,vAW8NdMgcmAyapkC7bYNq5,,261
2025-09-19,2025-09-19,,,,,,Pak Phli,Khok Kruat,Moo 4,Yes,Yes,,Since 2020 or earlier,Female,Buddhist,3,0,No,,Yes,1,No,,,,,,,,,,,Yes,Food Water,1,1,0,0,0,0,0,0,0,No,,,,,,,,,,,,,,,,,,,,,Barking/Howling/Crying,1,0,0,0,0,0,0,0,0,0,0,0,0,0,0,0,0,0,0,3,I am happy,Increased,More dogs now,No change,Taken to shelter,No,,,,,,,,,,,,,,,,,,,,,,,,,,,,,,,,,,,,,,,,562088487,847d82bc-b921-4490-ad87-2b06a46aa4e8,2025-09-19,,,submitted_via_web,,vAW8NdMgcmAyapkC7bYNq5,,262
2025-09-19,2025-09-19,14.180875 101.297743 -14.899999618530273 52.400001525878906,14.180875,101.297743,-14.89999962,52.40000153,Pak Phli,Khok Kruat,Moo 5,Yes,Yes,,Since 2020 or earlier,Male,Buddhist,5,0,No,,No,,No,,,,,,,,,,,No,,,,,,,,,,,Yes,Pee and poo Damaged crops,0,1,0,0,0,1,0,0,0,0,0,0,0,0,0,0,0,0,0,Pee and poo,0,1,0,0,0,0,0,0,0,0,0,0,0,0,0,0,0,0,0,3,I do not accept,Decreased,Fewer dogs now,Decreased,Sterilized and vaccinated and returned,No,,,,,,,,,,,,,,,,,,,,,,,,,,,,,,,,,,,,,,,,562088706,a592981e-2c26-41ae-83c4-3ac3893f40c2,2025-09-19,,,submitted_via_web,,vAW8NdMgcmAyapkC7bYNq5,,263
2025-09-19,2025-09-19,14.187191 101.298775 -16.299999237060547 18.23200035095215,14.187191,101.298775,-16.29999924,18.23200035,Pak Phli,Khok Kruat,Moo 2,Yes,Yes,,Since 2020 or earlier,Female,Buddhist,2,0,No,,No,,No,,,,,,,,,,,No,,,,,,,,,,,No,,,,,,,,,,,,,,,,,,,,,Barking/Howling/Crying,1,0,0,0,0,0,0,0,0,0,0,0,0,0,0,0,0,0,0,6,I am accepting/OK,Decreased,Fewer dogs now,Decreased,Sterilized and returned to street,No,,,,,,,,,,,,,,,,,,,,,,,,,,,,,,,,,,,,,,,,562088789,77b1a20f-41bf-495c-bba0-3fa2228972bd,2025-09-19,,,submitted_via_web,,vAW8NdMgcmAyapkC7bYNq5,,264
2025-09-19,2025-09-19,14.187073 101.298197 -16.799999237060547 25.040000915527344,14.187073,101.298197,-16.79999924,25.04000092,Pak Phli,Khok Kruat,Moo 2,Yes,Yes,,Since 2020 or earlier,Female,Buddhist,4,0,No,,Yes,1,No,,,,,,,,,,,Yes,Food,1,0,0,0,0,0,0,0,0,Yes,Barking/Howling/Crying Make a mess of garbage,1,0,1,0,0,0,0,0,0,0,0,0,0,0,0,0,0,0,0,Barking/Howling/Crying Make a mess of garbage,1,0,1,0,0,0,0,0,0,0,0,0,0,0,0,0,0,0,0,6,I do not accept,No change,About the same,No change,Sterilized and vaccinated and returned,No,,,,,,,,,,,,,,,,,,,,,,,,,,,,,,,,,,,,,,,,562089039,3edf7ab9-2a80-4e05-bf6f-875e3c8a9b5e,2025-09-19,,,submitted_via_web,,vAW8NdMgcmAyapkC7bYNq5,,265
2025-09-19,2025-09-19,14.180721 101.298633 10.820966243743896 37.36275996652169,14.180721,101.298633,10.82096624,37.36275997,Pak Phli,Khok Kruat,Moo 5,Yes,Yes,,Since 2020 or earlier,Female,Buddhist,2,0,No,,Yes,1,No,,,,,,,,,,,No,,,,,,,,,,,No,,,,,,,,,,,,,,,,,,,,,Barking/Howling/Crying Pee and poo,1,1,0,0,0,0,0,0,0,0,0,0,0,0,0,0,0,0,0,0,Neutral,Decreased,Don’t know,Decreased,Sterilized and vaccinated and returned,No,,,,,,,,,,,,,,,,,,,,,,,,,,,,,,,,,,,,,,,,562089088,a9bb335f-bba6-4337-ad1d-b74a9096f7f9,2025-09-19,,,submitted_via_web,,vAW8NdMgcmAyapkC7bYNq5,,266
2025-09-19,2025-09-19,14.1872 101.298776 -16.299999237060547 23.65399932861328,14.1872,101.298776,-16.29999924,23.65399933,Pak Phli,Khok Kruat,Moo 2,Yes,Yes,,Since 2020 or earlier,Male,Buddhist,3,0,No,,Yes,1,No,,,,,,,,,,,No,,,,,,,,,,,No,,,,,,,,,,,,,,,,,,,,,Chasing me or others,0,0,0,0,0,0,0,0,0,0,0,0,0,0,0,0,0,0,1,1,I am accepting/OK,No change,About the same,No change,Rehomed as pets,No,,,,,,,,,,,,,,,,,,,,,,,,,,,,,,,,,,,,,,,,562089217,650f8000-607b-4e46-8de6-b625b261e727,2025-09-19,,,submitted_via_web,,vAW8NdMgcmAyapkC7bYNq5,,267
2025-09-19,2025-09-19,14.187003 101.298572 -16.5 22.158000946044922,14.187003,101.298572,-16.5,22.15800095,Pak Phli,Khok Kruat,Moo 2,Yes,Yes,,Since 2020 or earlier,Female,Buddhist,2,0,No,,No,,No,,,,,,,,,,,No,,,,,,,,,,,No,,,,,,,,,,,,,,,,,,,,,Barking/Howling/Crying,1,0,0,0,0,0,0,0,0,0,0,0,0,0,0,0,0,0,0,7,Neutral,Decreased,Fewer dogs now,Decreased,Sterilized and returned to street,No,,,,,,,,,,,,,,,,,,,,,,,,,,,,,,,,,,,,,,,,562090010,dc814e2a-7405-4232-b372-c66e1c52431a,2025-09-19,,,submitted_via_web,,vAW8NdMgcmAyapkC7bYNq5,,268
2025-09-19,2025-09-19,14.187172 101.298041 -16 4.39300012588501,14.187172,101.298041,-16,4.393000126,Pak Phli,Khok Kruat,Moo 2,Yes,Yes,,Since 2020 or earlier,Male,Buddhist,3,0,No,,No,,Yes,Food Shelter,1,0,1,0,0,0,0,0,0,Yes,Food Shelter,1,0,1,0,0,0,0,0,0,Yes,Barking/Howling/Crying Pee and poo,1,1,0,0,0,0,0,0,0,0,0,0,0,0,0,0,0,0,0,Barking/Howling/Crying Pee and poo,1,1,0,0,0,0,0,0,0,0,0,0,0,0,0,0,0,0,0,4,Neutral,No change,About the same,No change,Sterilized and vaccinated and returned,No,,,,,,,,,,,,,,,,,,,,,,,,,,,,,,,,,,,,,,,,562090060,51f981f4-528b-4be9-a26f-48c66648f456,2025-09-19,,,submitted_via_web,,vAW8NdMgcmAyapkC7bYNq5,,269
2025-09-19,2025-09-19,14.180897 101.298807 -14.899999618530273 5.800000190734863,14.180897,101.298807,-14.89999962,5.800000191,Pak Phli,Khok Kruat,Moo 5,Yes,Yes,,Since 2020 or earlier,Female,Buddhist,2,0,No,,Yes,1,No,,,,,,,,,,,No,,,,,,,,,,,No,,,,,,,,,,,,,,,,,,,,,,,,,,,,,,,,,,,,,,,,,0,Neutral,No change,Don’t know,No change,Move them away,No,,,,,,,,,,,,,,,,,,,,,,,,,,,,,,,,,,,,,,,,562090477,98fc2646-7e72-450d-bb0c-4b93a575f8a8,2025-09-19,,,submitted_via_web,,vAW8NdMgcmAyapkC7bYNq5,,270
2025-09-19,2025-09-19,14.187218 101.298082 -16.299999237060547 14.32800006866455,14.187218,101.298082,-16.29999924,14.32800007,Pak Phli,Khok Kruat,Moo 2,Yes,Yes,,Since 2020 or earlier,Female,Buddhist,2,0,No,,Yes,1,No,,,,,,,,,,,No,,,,,,,,,,,Yes,Make a mess of garbage Attacked my pet,0,0,1,1,0,0,0,0,0,0,0,0,0,0,0,0,0,0,0,Make a mess of garbage Attacked my pet,0,0,1,1,0,0,0,0,0,0,0,0,0,0,0,0,0,0,0,2,I do not accept,No change,About the same,No change,Move them away,No,,,,,,,,,,,,,,,,,,,,,,,,,,,,,,,,,,,,,,,,562090624,60fee97f-80c8-4ed2-9e80-48cb7ce16dbf,2025-09-19,,,submitted_via_web,,vAW8NdMgcmAyapkC7bYNq5,,271
2025-09-19,2025-09-19,14.174834 101.30593 -14.399999618530273 39.599998474121094,14.174834,101.30593,-14.39999962,39.59999847,Pak Phli,Khok Kruat,Moo 4,Yes,Yes,,Since 2020 or earlier,Female,Buddhist,2,0,No,,No,,No,,,,,,,,,,,No,,,,,,,,,,,Yes,Barking/Howling/Crying Pee and poo Make a mess of garbage,1,1,1,0,0,0,0,0,0,0,0,0,0,0,0,0,0,0,0,Barking/Howling/Crying Pee and poo Make a mess of garbage,1,1,1,0,0,0,0,0,0,0,0,0,0,0,0,0,0,0,0,30,I do not accept,Decreased,Fewer dogs now,Decreased,Sterilized and vaccinated and returned,No,,,,,,,,,,,,,,,,,,,,,,,,,,,,,,,,,,,,,,,,562090656,99ab813e-484f-4e26-b625-d24694ab4789,2025-09-19,,,submitted_via_web,,vAW8NdMgcmAyapkC7bYNq5,,272
2025-09-19,2025-09-19,,,,,,Pak Phli,Khok Kruat,Moo 4,Yes,Yes,,Arrived after 2020,Female,Buddhist,4,1,Yes,1,No,,Yes,Food Water,1,1,0,0,0,0,0,0,0,No,,,,,,,,,,,No,,,,,,,,,,,,,,,,,,,,,Chasing me or others,0,0,0,0,0,0,0,0,0,0,0,0,0,0,0,0,0,0,1,0,Neutral,No change,I didn’t live here at the time,No change,Move them away,No,,,,,,,,,,,,,,,,,,,,,,,,,,,,,,,,,,,,,,,,562090765,55677fc8-88b2-43aa-b3cb-663b293d030b,2025-09-19,,,submitted_via_web,,vAW8NdMgcmAyapkC7bYNq5,,273
2025-09-19,2025-09-19,14.187316 101.29761 -13.199999809265137 5.263000011444092,14.187316,101.29761,-13.19999981,5.263000011,Pak Phli,Nong Seang,Moo 2,Yes,Yes,,Since 2020 or earlier,Male,Buddhist,2,0,No,,No,,No,,,,,,,,,,,No,,,,,,,,,,,No,,,,,,,,,,,,,,,,,,,,,Barking/Howling/Crying Pee and poo Make a mess of garbage,1,1,1,0,0,0,0,0,0,0,0,0,0,0,0,0,0,0,0,5,I do not accept,No change,About the same,No change,Sterilized and vaccinated and returned,No,,,,,,,,,,,,,,,,,,,,,,,,,,,,,,,,,,,,,,,,562090937,d9979ac2-f406-4388-baa3-fb950f7370e7,2025-09-19,,,submitted_via_web,,vAW8NdMgcmAyapkC7bYNq5,,274
2025-09-19,2025-09-19,,,,,,Pak Phli,Khok Kruat,Moo 4,Yes,Yes,,Since 2020 or earlier,Female,Buddhist,20,0,Yes,1,Yes,1,No,,,,,,,,,,,No,,,,,,,,,,,No,,,,,,,,,,,,,,,,,,,,,,,,,,,,,,,,,,,,,,,,,0,Neutral,No change,About the same,No change,Sterilized and vaccinated and returned,No,,,,,,,,,,,,,,,,,,,,,,,,,,,,,,,,,,,,,,,,562091198,840769c7-d680-40ad-a911-6c3f13613760,2025-09-19,,,submitted_via_web,,vAW8NdMgcmAyapkC7bYNq5,,275
2025-09-19,2025-09-19,,,,,,Pak Phli,Khok Kruat,Moo 4,Yes,Yes,,Since 2020 or earlier,Female,Buddhist,4,4,No,,Yes,1,No,,,,,,,,,,,No,,,,,,,,,,,Yes,Barking/Howling/Crying Attacked my pet,1,0,0,1,0,0,0,0,0,0,0,0,0,0,0,0,0,0,0,Barking/Howling/Crying Make a mess of garbage Attacked my pet,1,0,1,1,0,0,0,0,0,0,0,0,0,0,0,0,0,0,0,5,I am accepting/OK,Decreased,Don’t know,Decreased,Sterilized and vaccinated and returned,No,,,,,,,,,,,,,,,,,,,,,,,,,,,,,,,,,,,,,,,,562091241,7a52f4c7-3312-4257-aa70-153bd0030b76,2025-09-19,,,submitted_via_web,,vAW8NdMgcmAyapkC7bYNq5,,276
2025-09-19,2025-09-19,14.180778 101.298771 10.821406841278076 35.61544918654008,14.180778,101.298771,10.82140684,35.61544919,Pak Phli,Khok Kruat,,Yes,Yes,,Since 2020 or earlier,Male,Buddhist,1,0,No,,Yes,1,No,,,,,,,,,,,No,,,,,,,,,,,No,,,,,,,,,,,,,,,,,,,,,Barking/Howling/Crying Pee and poo,1,1,0,0,0,0,0,0,0,0,0,0,0,0,0,0,0,0,0,0,Neutral,Decreased,Fewer dogs now,Decreased,Sterilized and vaccinated and returned,No,,,,,,,,,,,,,,,,,,,,,,,,,,,,,,,,,,,,,,,,562091609,17705f6e-7da5-48d4-a331-7daa319f801b,2025-09-19,,,submitted_via_web,,vAW8NdMgcmAyapkC7bYNq5,,277
2025-09-19,2025-09-19,14.18773 101.2966 -16.100000381469727 9.0600004196167,14.18773,101.2966,-16.10000038,9.06000042,Pak Phli,Khok Kruat,Moo 2,Yes,Yes,,Since 2020 or earlier,Female,Buddhist,8,0,No,,No,,No,,,,,,,,,,,No,,,,,,,,,,,Yes,Barking/Howling/Crying Pee and poo,1,1,0,0,0,0,0,0,0,0,0,0,0,0,0,0,0,0,0,Barking/Howling/Crying Pee and poo Destroy my property,1,1,0,0,0,0,0,0,0,0,0,0,1,0,0,0,0,0,0,5,Neutral,No change,Fewer dogs now,No change,Sterilized and vaccinated and returned,No,,,,,,,,,,,,,,,,,,,,,,,,,,,,,,,,,,,,,,,,562091708,ddfddeb8-7efa-4cde-bca8-a5830edc493d,2025-09-19,,,submitted_via_web,,vAW8NdMgcmAyapkC7bYNq5,,278
2025-09-19,2025-09-19,14.187234 101.297957 -16.299999237060547 22.7189998626709,14.187234,101.297957,-16.29999924,22.71899986,Pak Phli,Khok Kruat,Moo 2,Yes,Yes,,Since 2020 or earlier,Female,Buddhist,3,0,No,,No,,No,,,,,,,,,,,No,,,,,,,,,,,No,,,,,,,,,,,,,,,,,,,,,Barking/Howling/Crying,1,0,0,0,0,0,0,0,0,0,0,0,0,0,0,0,0,0,0,0,I am accepting/OK,Decreased,Fewer dogs now,Decreased,Sterilized and returned to street,No,,,,,,,,,,,,,,,,,,,,,,,,,,,,,,,,,,,,,,,,562091749,89a0503f-58aa-4df0-a061-9d78c91309a6,2025-09-19,,,submitted_via_web,,vAW8NdMgcmAyapkC7bYNq5,,279
2025-09-19,2025-09-19,14.174815 101.306217 -14.300000190734863 60,14.174815,101.306217,-14.30000019,60,Pak Phli,Khok Kruat,Moo 4,Yes,Yes,,Since 2020 or earlier,Female,Buddhist,1,1,No,,Yes,1,No,,,,,,,,,,,No,,,,,,,,,,,No,,,,,,,,,,,,,,,,,,,,,Barking/Howling/Crying,1,0,0,0,0,0,0,0,0,0,0,0,0,0,0,0,0,0,0,1,Neutral,Decreased,Fewer dogs now,Decreased,Sterilized and vaccinated and returned,No,,,,,,,,,,,,,,,,,,,,,,,,,,,,,,,,,,,,,,,,562091811,fe320010-6545-40b0-aedd-b98b71a0b59a,2025-09-19,,,submitted_via_web,,vAW8NdMgcmAyapkC7bYNq5,,280
2025-09-19,2025-09-19,14.180374 101.298843 15.54984697249099 44.773204194986434,14.180374,101.298843,15.54984697,44.77320419,Pak Phli,Khok Kruat,Moo 5,Yes,Yes,,Since 2020 or earlier,Male,Buddhist,1,0,No,,No,,No,,,,,,,,,,,No,,,,,,,,,,,No,,,,,,,,,,,,,,,,,,,,,Barking/Howling/Crying Pee and poo Make a mess of garbage,1,1,1,0,0,0,0,0,0,0,0,0,0,0,0,0,0,0,0,0,I do not accept,Decreased,Fewer dogs now,Decreased,Sterilized and vaccinated and returned,No,,,,,,,,,,,,,,,,,,,,,,,,,,,,,,,,,,,,,,,,562091949,1d419932-3f34-4815-bc31-055a446c66d7,2025-09-19,,,submitted_via_web,,vAW8NdMgcmAyapkC7bYNq5,,281
2025-09-19,2025-09-19,14.181102 101.298853 -15.100000381469727 16.10700035095215,14.181102,101.298853,-15.10000038,16.10700035,Pak Phli,Khok Kruat,Moo 5,Yes,Yes,,Since 2020 or earlier,Female,Buddhist,2,0,No,,Yes,2,Yes,Food Water,1,1,0,0,0,0,0,0,0,Yes,Food,1,0,0,0,0,0,0,0,0,No,,,,,,,,,,,,,,,,,,,,,,,,,,,,,,,,,,,,,,,,,3,I am happy,No change,About the same,No change,Rehomed as pets,No,,,,,,,,,,,,,,,,,,,,,,,,,,,,,,,,,,,,,,,,562092270,adb96eb7-5320-475c-b52c-b3c49773de33,2025-09-19,,,submitted_via_web,,vAW8NdMgcmAyapkC7bYNq5,,282
2025-09-19,2025-09-19,14.186659 101.296258 -16.100000381469727 62.930999755859375,14.186659,101.296258,-16.10000038,62.93099976,Pak Phli,Khok Kruat,Moo 2,Yes,Yes,,Since 2020 or earlier,Female,Buddhist,3,0,No,,No,,No,,,,,,,,,,,No,,,,,,,,,,,No,,,,,,,,,,,,,,,,,,,,,Barking/Howling/Crying,1,0,0,0,0,0,0,0,0,0,0,0,0,0,0,0,0,0,0,3,I am accepting/OK,Decreased,Fewer dogs now,Decreased,Sterilized and returned to street,No,,,,,,,,,,,,,,,,,,,,,,,,,,,,,,,,,,,,,,,,562092795,7b28fbca-71a3-4b9f-a322-93eebf337596,2025-09-19,,,submitted_via_web,,vAW8NdMgcmAyapkC7bYNq5,,283
2025-09-19,2025-09-19,,,,,,Pak Phli,Khok Kruat,Moo 4,Yes,Yes,,Since 2020 or earlier,Female,Buddhist,3,0,No,,No,,No,,,,,,,,,,,No,,,,,,,,,,,No,,,,,,,,,,,,,,,,,,,,,Barking/Howling/Crying Pee and poo Make a mess of garbage Attacked my pet Concern for puppies,1,1,1,1,0,0,0,0,0,0,0,0,0,0,0,1,0,0,0,1,Neutral,No change,About the same,No change,Rehomed as pets,No,,,,,,,,,,,,,,,,,,,,,,,,,,,,,,,,,,,,,,,,562093104,eafbe155-1522-4e25-b17d-df566c1bff2b,2025-09-19,,,submitted_via_web,,vAW8NdMgcmAyapkC7bYNq5,,284
2025-09-19,2025-09-19,,,,,,Pak Phli,Khok Kruat,Moo 4,Yes,Yes,,Since 2020 or earlier,Male,Buddhist,2,0,No,,No,,No,,,,,,,,,,,No,,,,,,,,,,,Yes,Barking/Howling/Crying Pee and poo Make a mess of garbage,1,1,1,0,0,0,0,0,0,0,0,0,0,0,0,0,0,0,0,Barking/Howling/Crying Pee and poo Make a mess of garbage Dog fights Concern for puppies,1,1,1,0,0,0,0,0,0,0,1,0,0,0,0,1,0,0,0,4,I do not accept,Decreased,Don’t know,No change,Sterilized and vaccinated and returned,No,,,,,,,,,,,,,,,,,,,,,,,,,,,,,,,,,,,,,,,,562093182,36a8bbf5-4474-4f16-8594-10f4fcadb288,2025-09-19,,,submitted_via_web,,vAW8NdMgcmAyapkC7bYNq5,,285
2025-09-19,2025-09-19,,,,,,Pak Phli,Khok Kruat,Moo 4,Yes,Yes,,Since 2020 or earlier,Male,Buddhist,1,0,No,,Yes,1,No,,,,,,,,,,,No,,,,,,,,,,,No,,,,,,,,,,,,,,,,,,,,,Dog fights,0,0,0,0,0,0,0,0,0,0,1,0,0,0,0,0,0,0,0,0,Neutral,Decreased,Fewer dogs now,Decreased,Sterilized and returned to street,No,,,,,,,,,,,,,,,,,,,,,,,,,,,,,,,,,,,,,,,,562093222,149dd310-bb92-4be6-9848-d5a72ca6a742,2025-09-19,,,submitted_via_web,,vAW8NdMgcmAyapkC7bYNq5,,286
2025-09-19,2025-09-19,14.186942 101.296847 -16.100000381469727 8.71399974822998,14.186942,101.296847,-16.10000038,8.713999748,Pak Phli,Khok Kruat,Moo 2,Yes,Yes,,Since 2020 or earlier,Female,Buddhist,5,1,No,,Yes,1,No,,,,,,,,,,,No,,,,,,,,,,,No,,,,,,,,,,,,,,,,,,,,,Barking/Howling/Crying,1,0,0,0,0,0,0,0,0,0,0,0,0,0,0,0,0,0,0,5,Neutral,No change,About the same,Decreased,Sterilized and vaccinated and returned,No,,,,,,,,,,,,,,,,,,,,,,,,,,,,,,,,,,,,,,,,562093325,9a454a98-d8a7-4890-ab53-74717479b5b5,2025-09-19,,,submitted_via_web,,vAW8NdMgcmAyapkC7bYNq5,,287
2025-09-19,2025-09-19,14.180665 101.298875 -14.899999618530273 29.892000198364258,14.180665,101.298875,-14.89999962,29.8920002,Pak Phli,Khok Kruat,Moo 5,Yes,Yes,,Since 2020 or earlier,Female,Buddhist,5,1,No,,No,,No,,,,,,,,,,,Yes,Food Water,1,1,0,0,0,0,0,0,0,No,,,,,,,,,,,,,,,,,,,,,,,,,,,,,,,,,,,,,,,,,2,I am accepting/OK,No change,About the same,No change,Sterilized and vaccinated and returned,No,,,,,,,,,,,,,,,,,,,,,,,,,,,,,,,,,,,,,,,,562093433,58744a96-1198-4c4c-bb92-527aaae1e8f8,2025-09-19,,,submitted_via_web,,vAW8NdMgcmAyapkC7bYNq5,,288
2025-09-19,2025-09-19,14.180539 101.298933 -14.899999618530273 7.507999897003174,14.180539,101.298933,-14.89999962,7.507999897,Pak Phli,Khok Kruat,Moo 5,Yes,Yes,,Since 2020 or earlier,Male,Buddhist,2,0,No,,No,,No,,,,,,,,,,,No,,,,,,,,,,,Yes,Barking/Howling/Crying Make a mess of garbage,1,0,1,0,0,0,0,0,0,0,0,0,0,0,0,0,0,0,0,Barking/Howling/Crying Make a mess of garbage,1,0,1,0,0,0,0,0,0,0,0,0,0,0,0,0,0,0,0,2,Neutral,Decreased,Fewer dogs now,Decreased,Vaccinated and returned to street,No,,,,,,,,,,,,,,,,,,,,,,,,,,,,,,,,,,,,,,,,562093455,e0a3ad91-c8c3-460c-8197-d84682a0d04f,2025-09-19,,,submitted_via_web,,vAW8NdMgcmAyapkC7bYNq5,,289
2025-09-19,2025-09-19,14.180291 101.298874 14.682497356573617 40.7978999763877,14.180291,101.298874,14.68249736,40.79789998,Pak Phli,Khok Kruat,,Yes,Yes,,Since 2020 or earlier,Female,Buddhist,2,0,No,,No,,No,,,,,,,,,,,No,,,,,,,,,,,No,,,,,,,,,,,,,,,,,,,,,Barking/Howling/Crying Pee and poo Make a mess of garbage,1,1,1,0,0,0,0,0,0,0,0,0,0,0,0,0,0,0,0,2,I do not accept,Decreased,Fewer dogs now,Decreased,Sterilized and vaccinated and returned,No,,,,,,,,,,,,,,,,,,,,,,,,,,,,,,,,,,,,,,,,562093467,5340f98d-6716-40ca-b5e0-9d89a1b8c319,2025-09-19,,,submitted_via_web,,vAW8NdMgcmAyapkC7bYNq5,,290
2025-09-19,2025-09-19,,,,,,Pak Phli,Khok Kruat,Moo 4,Yes,Yes,,Since 2020 or earlier,Female,Buddhist,2,0,No,,Yes,2,Yes,Food Water Shelter,1,1,1,0,0,0,0,0,0,No,,,,,,,,,,,No,,,,,,,,,,,,,,,,,,,,,Concern for puppies,0,0,0,0,0,0,0,0,0,0,0,0,0,0,0,1,0,0,0,1,I am accepting/OK,Decreased,Fewer dogs now,Decreased,Sterilized and vaccinated and returned,No,,,,,,,,,,,,,,,,,,,,,,,,,,,,,,,,,,,,,,,,562094514,e2ac1d39-3a96-46d3-86a5-12105939d77b,2025-09-19,,,submitted_via_web,,vAW8NdMgcmAyapkC7bYNq5,,291
2025-09-19,2025-09-19,14.180909 101.29916 13.936144924171892 35.91589966587297,14.180909,101.29916,13.93614492,35.91589967,Pak Phli,Khok Kruat,Moo 5,Yes,Yes,,Since 2020 or earlier,Male,Buddhist,2,0,No,,No,,No,,,,,,,,,,,No,,,,,,,,,,,No,,,,,,,,,,,,,,,,,,,,,Barking/Howling/Crying Pee and poo Make a mess of garbage,1,1,1,0,0,0,0,0,0,0,0,0,0,0,0,0,0,0,0,2,I do not accept,Decreased,Fewer dogs now,Decreased,Sterilized and vaccinated and returned,No,,,,,,,,,,,,,,,,,,,,,,,,,,,,,,,,,,,,,,,,562094526,bddbc34f-5f99-4b8d-b528-0e2190bd07b0,2025-09-19,,,submitted_via_web,,vAW8NdMgcmAyapkC7bYNq5,,292
2025-09-19,2025-09-19,14.187738 101.294835 -16.399999618530273 7.7779998779296875,14.187738,101.294835,-16.39999962,7.777999878,Pak Phli,Khok Kruat,Moo 2,Yes,Yes,,Since 2020 or earlier,Female,Buddhist,7,0,No,,No,,Yes,Food,1,0,0,0,0,0,0,0,0,Yes,Food,1,0,0,0,0,0,0,0,0,Yes,Barking/Howling/Crying Pee and poo,1,1,0,0,0,0,0,0,0,0,0,0,0,0,0,0,0,0,0,Barking/Howling/Crying Pee and poo Destroy my property,1,1,0,0,0,0,0,0,0,0,0,0,1,0,0,0,0,0,0,3,I am accepting/OK,No change,About the same,No change,Sterilized and vaccinated and returned,No,,,,,,,,,,,,,,,,,,,,,,,,,,,,,,,,,,,,,,,,562094728,58c85532-7d2b-49d4-bba8-182e25af69e0,2025-09-19,,,submitted_via_web,,vAW8NdMgcmAyapkC7bYNq5,,293
2025-09-19,2025-09-19,14.187888 101.295851 -16.299999237060547 15.640999794006348,14.187888,101.295851,-16.29999924,15.64099979,Pak Phli,Khok Kruat,Moo 2,Yes,Yes,,Since 2020 or earlier,Female,Buddhist,5,0,No,,No,,No,,,,,,,,,,,No,,,,,,,,,,,No,,,,,,,,,,,,,,,,,,,,,Barking/Howling/Crying,1,0,0,0,0,0,0,0,0,0,0,0,0,0,0,0,0,0,0,3,Neutral,Decreased,Fewer dogs now,Decreased,Sterilized and returned to street,No,,,,,,,,,,,,,,,,,,,,,,,,,,,,,,,,,,,,,,,,562094890,fe79e4aa-1ace-44f5-bd1c-1fc8e89ebc8f,2025-09-19,,,submitted_via_web,,vAW8NdMgcmAyapkC7bYNq5,,294
2025-09-19,2025-09-19,14.187705 101.294715 -16 28.110000610351562,14.187705,101.294715,-16,28.11000061,Pak Phli,Khok Kruat,Moo 2,No,,,,,,,,,,,,,,,,,,,,,,,,,,,,,,,,,,,,,,,,,,,,,,,,,,,,,,,,,,,,,,,,,,,,,,,,,,,,,,,,,,,,,,,,,,,,,,,,,,,,,,,,,,,,,,,,,,,,,,,,,562095278,1c3f3c42-3e1a-4a57-8a37-54b291185be2,2025-09-19,,,submitted_via_web,,vAW8NdMgcmAyapkC7bYNq5,,295
2025-09-19,2025-09-19,14.184328 101.310767 -13.199999809265137 23.600000381469727,14.184328,101.310767,-13.19999981,23.60000038,Pak Phli,Khok Kruat,Moo 2,Yes,Yes,,Since 2020 or earlier,Female,Buddhist,4,0,No,,Yes,2,No,,,,,,,,,,,No,,,,,,,,,,,No,,,,,,,,,,,,,,,,,,,,,Barking/Howling/Crying,1,0,0,0,0,0,0,0,0,0,0,0,0,0,0,0,0,0,0,0,Neutral,Decreased,Fewer dogs now,Decreased,Sterilized and vaccinated and returned,No,,,,,,,,,,,,,,,,,,,,,,,,,,,,,,,,,,,,,,,,562095287,a019ce2a-0960-46d6-9265-4c1e60351129,2025-09-19,,,submitted_via_web,,vAW8NdMgcmAyapkC7bYNq5,,296
2025-09-19,2025-09-19,,,,,,Pak Phli,Khok Kruat,Moo 4,Yes,Yes,,Since 2020 or earlier,Female,Buddhist,6,2,No,,No,,No,,,,,,,,,,,No,,,,,,,,,,,No,,,,,,,,,,,,,,,,,,,,,Barking/Howling/Crying,1,0,0,0,0,0,0,0,0,0,0,0,0,0,0,0,0,0,0,1,I am accepting/OK,Decreased,Fewer dogs now,Decreased,Sterilized and returned to street,No,,,,,,,,,,,,,,,,,,,,,,,,,,,,,,,,,,,,,,,,562095374,f195d92e-540d-46fd-b552-8211827ce837,2025-09-19,,,submitted_via_web,,vAW8NdMgcmAyapkC7bYNq5,,297
2025-09-19,2025-09-19,14.187646 101.294729 -15.399999618530273 7.646999835968018,14.187646,101.294729,-15.39999962,7.646999836,Pak Phli,Khok Kruat,Moo 2,Yes,Yes,,Since 2020 or earlier,Male,Buddhist,2,0,No,,No,,No,,,,,,,,,,,No,,,,,,,,,,,Yes,Barking/Howling/Crying,1,0,0,0,0,0,0,0,0,0,0,0,0,0,0,0,0,0,0,Barking/Howling/Crying,1,0,0,0,0,0,0,0,0,0,0,0,0,0,0,0,0,0,0,6,Neutral,No change,About the same,No change,Sterilized and vaccinated and returned,No,,,,,,,,,,,,,,,,,,,,,,,,,,,,,,,,,,,,,,,,562095446,17393710-c0a8-4058-9fcb-a1a2f5b59395,2025-09-19,,,submitted_via_web,,vAW8NdMgcmAyapkC7bYNq5,,298
2025-09-19,2025-09-19,14.178383 101.301438 -14.300000190734863 34.60599899291992,14.178383,101.301438,-14.30000019,34.60599899,Pak Phli,Khok Kruat,Moo 5,Yes,Yes,,Since 2020 or earlier,Female,Buddhist,1,0,No,,Yes,2,No,,,,,,,,,,,No,,,,,,,,,,,No,,,,,,,,,,,,,,,,,,,,,,,,,,,,,,,,,,,,,,,,,0,I am accepting/OK,No change,Don’t know,No change,Sterilized and vaccinated and returned,No,,,,,,,,,,,,,,,,,,,,,,,,,,,,,,,,,,,,,,,,562095686,2991f490-c483-43bb-a26f-7430a6e18fc2,2025-09-19,,,submitted_via_web,,vAW8NdMgcmAyapkC7bYNq5,,299
2025-09-19,2025-09-19,14.187576 101.294813 -16 30,14.187576,101.294813,-16,30,Pak Phli,Khok Kruat,Moo 2,Yes,Yes,,Since 2020 or earlier,Male,Buddhist,2,2,No,,No,,No,,,,,,,,,,,No,,,,,,,,,,,No,,,,,,,,,,,,,,,,,,,,,Barking/Howling/Crying,1,0,0,0,0,0,0,0,0,0,0,0,0,0,0,0,0,0,0,0,Neutral,Decreased,Fewer dogs now,Decreased,Sterilized and returned to street,No,,,,,,,,,,,,,,,,,,,,,,,,,,,,,,,,,,,,,,,,562095872,36df5ec1-0fc9-4b6f-bf30-82a5b70be0d9,2025-09-19,,,submitted_via_web,,vAW8NdMgcmAyapkC7bYNq5,,300
2025-09-19,2025-09-19,,,,,,Pak Phli,Khok Kruat,Moo 4,Yes,Yes,,Since 2020 or earlier,Female,Buddhist,2,0,No,,No,,No,,,,,,,,,,,No,,,,,,,,,,,Yes,Barking/Howling/Crying Pee and poo,1,1,0,0,0,0,0,0,0,0,0,0,0,0,0,0,0,0,0,Barking/Howling/Crying Attacked my pet,1,0,0,1,0,0,0,0,0,0,0,0,0,0,0,0,0,0,0,4,Neutral,No change,About the same,No change,Rehomed as pets,No,,,,,,,,,,,,,,,,,,,,,,,,,,,,,,,,,,,,,,,,562095921,136b27ca-4566-4d21-80aa-f660a5024731,2025-09-19,,,submitted_via_web,,vAW8NdMgcmAyapkC7bYNq5,,301
2025-09-19,2025-09-19,14.187613 101.294892 -16 23.47100067138672,14.187613,101.294892,-16,23.47100067,Pak Phli,Khok Kruat,Moo 2,Yes,Yes,,Since 2020 or earlier,Female,Buddhist,1,0,No,,No,,No,,,,,,,,,,,No,,,,,,,,,,,Yes,Make a mess of garbage,0,0,1,0,0,0,0,0,0,0,0,0,0,0,0,0,0,0,0,Make a mess of garbage,0,0,1,0,0,0,0,0,0,0,0,0,0,0,0,0,0,0,0,0,Neutral,Decreased,Fewer dogs now,Decreased,Sterilized and vaccinated and returned,No,,,,,,,,,,,,,,,,,,,,,,,,,,,,,,,,,,,,,,,,562096068,b005d026-a083-4b87-8eb7-7f4b98849be2,2025-09-19,,,submitted_via_web,,vAW8NdMgcmAyapkC7bYNq5,,302
2025-09-19,2025-09-19,14.181417 101.300845 13.708159049642456 29.99481197063701,14.181417,101.300845,13.70815905,29.99481197,Pak Phli,Khok Kruat,Moo 5,Yes,Yes,,Since 2020 or earlier,Male,Buddhist,2,0,No,,Yes,2,No,,,,,,,,,,,No,,,,,,,,,,,No,,,,,,,,,,,,,,,,,,,,,Barking/Howling/Crying Pee and poo Make a mess of garbage,1,1,1,0,0,0,0,0,0,0,0,0,0,0,0,0,0,0,0,0,Neutral,Decreased,Fewer dogs now,Decreased,Sterilized and vaccinated and returned,No,,,,,,,,,,,,,,,,,,,,,,,,,,,,,,,,,,,,,,,,562096426,555d0083-bf99-4e97-91b7-1910a0edd134,2025-09-19,,,submitted_via_web,,vAW8NdMgcmAyapkC7bYNq5,,303
2025-09-19,2025-09-19,14.178917 101.301632 -14.199999809265137 21.041000366210938,14.178917,101.301632,-14.19999981,21.04100037,Pak Phli,Khok Kruat,Moo 5,Yes,Yes,,Since 2020 or earlier,Male,Buddhist,2,2,No,,No,,No,,,,,,,,,,,No,,,,,,,,,,,No,,,,,,,,,,,,,,,,,,,,,,,,,,,,,,,,,,,,,,,,,0,I am accepting/OK,Decreased,Fewer dogs now,Decreased,Rehomed as pets,No,,,,,,,,,,,,,,,,,,,,,,,,,,,,,,,,,,,,,,,,562096446,7949567d-1b21-4de1-99dd-65e24c6112db,2025-09-19,,,submitted_via_web,,vAW8NdMgcmAyapkC7bYNq5,,304
2025-09-19,2025-09-19,14.187448 101.294411 -15.399999618530273 16.875,14.187448,101.294411,-15.39999962,16.875,Pak Phli,Khok Kruat,Moo 2,Yes,Yes,,Since 2020 or earlier,Female,Buddhist,3,0,No,,No,,Yes,Food,1,0,0,0,0,0,0,0,0,Yes,Food,1,0,0,0,0,0,0,0,0,Yes,Barking/Howling/Crying,1,0,0,0,0,0,0,0,0,0,0,0,0,0,0,0,0,0,0,Barking/Howling/Crying,1,0,0,0,0,0,0,0,0,0,0,0,0,0,0,0,0,0,0,3,I am accepting/OK,Decreased,About the same,No change,Sterilized and vaccinated and returned,No,,,,,,,,,,,,,,,,,,,,,,,,,,,,,,,,,,,,,,,,562096639,2398e784-d9ec-47fa-9376-4ebf1a8df68d,2025-09-19,,,submitted_via_web,,vAW8NdMgcmAyapkC7bYNq5,,305
2025-09-19,2025-09-19,14.187424 101.29437 -15.5 23.052000045776367,14.187424,101.29437,-15.5,23.05200005,Pak Phli,Khok Kruat,Moo 2,Yes,Yes,,Since 2020 or earlier,Male,Buddhist,2,0,No,,No,,No,,,,,,,,,,,No,,,,,,,,,,,No,,,,,,,,,,,,,,,,,,,,,Barking/Howling/Crying,1,0,0,0,0,0,0,0,0,0,0,0,0,0,0,0,0,0,0,0,Neutral,Decreased,Fewer dogs now,Decreased,Sterilized and returned to street,No,,,,,,,,,,,,,,,,,,,,,,,,,,,,,,,,,,,,,,,,562096661,4a3e4091-7b7a-40b6-819f-d55eeffc1b72,2025-09-19,,,submitted_via_web,,vAW8NdMgcmAyapkC7bYNq5,,306
2025-09-19,2025-09-19,,,,,,Pak Phli,Khok Kruat,Moo 4,Yes,Yes,,Since 2020 or earlier,Female,Buddhist,2,0,No,,No,,Yes,Food Water,1,1,0,0,0,0,0,0,0,Yes,Food Water,1,1,0,0,0,0,0,0,0,No,,,,,,,,,,,,,,,,,,,,,Make a mess of garbage,0,0,1,0,0,0,0,0,0,0,0,0,0,0,0,0,0,0,0,5,Neutral,Increased,Don’t know,Increased,Sterilized and vaccinated and returned,No,,,,,,,,,,,,,,,,,,,,,,,,,,,,,,,,,,,,,,,,562096962,48b2c136-3902-4980-ac7d-13b866132b61,2025-09-19,,,submitted_via_web,,vAW8NdMgcmAyapkC7bYNq5,,307
2025-09-19,2025-09-19,14.187307 101.294451 -15.399999618530273 22.461000442504883,14.187307,101.294451,-15.39999962,22.46100044,Pak Phli,Khok Kruat,Moo 2,Yes,Yes,,Since 2020 or earlier,Female,Buddhist,2,0,Yes,1,No,,No,,,,,,,,,,,No,,,,,,,,,,,No,,,,,,,,,,,,,,,,,,,,,Make a mess of garbage Unsightly sexual behavior,0,0,1,0,0,0,0,0,0,1,0,0,0,0,0,0,0,0,0,8,Neutral,Decreased,About the same,Decreased,Sterilized and vaccinated and returned,No,,,,,,,,,,,,,,,,,,,,,,,,,,,,,,,,,,,,,,,,562097086,def86b9d-0e49-4e1a-8a89-2565b3195e19,2025-09-19,,,submitted_via_web,,vAW8NdMgcmAyapkC7bYNq5,,308
2025-09-19,2025-09-19,,,,,,Pak Phli,Khok Kruat,,Yes,Yes,,Since 2020 or earlier,Female,Buddhist,4,0,No,,No,,No,,,,,,,,,,,No,,,,,,,,,,,No,,,,,,,,,,,,,,,,,,,,,Chase me on bike/motorbike,0,0,0,0,0,0,0,0,0,0,0,1,0,0,0,0,0,0,0,5,Neutral,Decreased,Fewer dogs now,No change,Taken to shelter,No,,,,,,,,,,,,,,,,,,,,,,,,,,,,,,,,,,,,,,,,562097146,1cf2381d-6cab-4367-9e69-006101324314,2025-09-19,,,submitted_via_web,,vAW8NdMgcmAyapkC7bYNq5,,309
2025-09-19,2025-09-19,,,,,,Pak Phli,Khok Kruat,Moo 4,Yes,Yes,,Since 2020 or earlier,Female,Buddhist,3,0,No,,No,,Yes,Food Water Shelter,1,1,1,0,0,0,0,0,0,Yes,Food Water,1,1,0,0,0,0,0,0,0,No,,,,,,,,,,,,,,,,,,,,,Concern for puppies,0,0,0,0,0,0,0,0,0,0,0,0,0,0,0,1,0,0,0,6,I do not accept,Decreased,Fewer dogs now,Decreased,Move them away,No,,,,,,,,,,,,,,,,,,,,,,,,,,,,,,,,,,,,,,,,562097317,8a982325-bbb0-4224-8fb7-839f464ab97d,2025-09-19,,,submitted_via_web,,vAW8NdMgcmAyapkC7bYNq5,,310
2025-09-19,2025-09-19,14.187513 101.293969 -15.5 19.545000076293945,14.187513,101.293969,-15.5,19.54500008,Pak Phli,Khok Kruat,Moo 2,Yes,Yes,,Since 2020 or earlier,Male,Buddhist,4,1,No,,No,,No,,,,,,,,,,,No,,,,,,,,,,,No,,,,,,,,,,,,,,,,,,,,,Barking/Howling/Crying,1,0,0,0,0,0,0,0,0,0,0,0,0,0,0,0,0,0,0,2,I am accepting/OK,Decreased,Fewer dogs now,Decreased,Sterilized and returned to street,No,,,,,,,,,,,,,,,,,,,,,,,,,,,,,,,,,,,,,,,,562097491,4af96f68-ef81-4067-b469-1798aa5d2909,2025-09-19,,,submitted_via_web,,vAW8NdMgcmAyapkC7bYNq5,,311
2025-09-19,2025-09-19,14.187419 101.293996 -15.5 6.880000114440918,14.187419,101.293996,-15.5,6.880000114,Pak Phli,Khok Kruat,Moo 2,Yes,Yes,,Since 2020 or earlier,Female,Buddhist,3,1,No,,No,,No,,,,,,,,,,,No,,,,,,,,,,,No,,,,,,,,,,,,,,,,,,,,,Barking/Howling/Crying,1,0,0,0,0,0,0,0,0,0,0,0,0,0,0,0,0,0,0,2,Neutral,No change,About the same,No change,Sterilized and vaccinated and returned,No,,,,,,,,,,,,,,,,,,,,,,,,,,,,,,,,,,,,,,,,562097579,412936a2-8951-4d6b-aa70-5e7acd93033c,2025-09-19,,,submitted_via_web,,vAW8NdMgcmAyapkC7bYNq5,,312
2025-09-19,2025-09-19,14.176966 101.301514 -11.5 68.4000015258789,14.176966,101.301514,-11.5,68.40000153,Pak Phli,Khok Kruat,Moo 5,Yes,Yes,,Since 2020 or earlier,Male,Buddhist,2,0,No,,Yes,1,No,,,,,,,,,,,No,,,,,,,,,,,No,,,,,,,,,,,,,,,,,,,,,,,,,,,,,,,,,,,,,,,,,0,Neutral,No change,Don’t know,No change,Sterilized and vaccinated and returned,No,,,,,,,,,,,,,,,,,,,,,,,,,,,,,,,,,,,,,,,,562098177,92b4e5b7-0f79-416a-9ae0-3be7a4f39ea6,2025-09-19,,,submitted_via_web,,vAW8NdMgcmAyapkC7bYNq5,,313
2025-09-19,2025-09-19,14.187464 101.294133 -15.5 3.700000047683716,14.187464,101.294133,-15.5,3.700000048,Pak Phli,Khok Kruat,Moo 2,Yes,Yes,,Since 2020 or earlier,Male,Buddhist,2,0,No,,Yes,2,No,,,,,,,,,,,No,,,,,,,,,,,Yes,Make a mess of garbage Chasing me or others,0,0,1,0,0,0,0,0,0,0,0,0,0,0,0,0,0,0,1,Make a mess of garbage,0,0,1,0,0,0,0,0,0,0,0,0,0,0,0,0,0,0,0,0,I am accepting/OK,Decreased,Fewer dogs now,Decreased,Sterilized and vaccinated and returned,No,,,,,,,,,,,,,,,,,,,,,,,,,,,,,,,,,,,,,,,,562098259,ec08ba2c-0920-4c1c-8726-05ad3b658134,2025-09-19,,,submitted_via_web,,vAW8NdMgcmAyapkC7bYNq5,,314
2025-09-19,2025-09-19,14.187477 101.29375 -15.5 20.466999053955078,14.187477,101.29375,-15.5,20.46699905,Pak Phli,Khok Kruat,Moo 2,Yes,Yes,,Since 2020 or earlier,Female,Buddhist,2,0,No,,No,,No,,,,,,,,,,,No,,,,,,,,,,,No,,,,,,,,,,,,,,,,,,,,,Barking/Howling/Crying,1,0,0,0,0,0,0,0,0,0,0,0,0,0,0,0,0,0,0,0,Neutral,Decreased,Fewer dogs now,Decreased,Sterilized and returned to street,No,,,,,,,,,,,,,,,,,,,,,,,,,,,,,,,,,,,,,,,,562098353,828324bc-c107-4fa1-bf1f-157d3fad78cb,2025-09-19,,,submitted_via_web,,vAW8NdMgcmAyapkC7bYNq5,,315
2025-09-19,2025-09-19,14.18755 101.293581 -15.600000381469727 20.85099983215332,14.18755,101.293581,-15.60000038,20.85099983,Pak Phli,Khok Kruat,Moo 2,Yes,Yes,,Since 2020 or earlier,Female,Buddhist,3,1,No,,No,,No,,,,,,,,,,,No,,,,,,,,,,,Yes,Barking/Howling/Crying Dog fights,1,0,0,0,0,0,0,0,0,0,1,0,0,0,0,0,0,0,0,Barking/Howling/Crying Dog fights,1,0,0,0,0,0,0,0,0,0,1,0,0,0,0,0,0,0,0,0,I am accepting/OK,Decreased,Fewer dogs now,Decreased,Sterilized and vaccinated and returned,No,,,,,,,,,,,,,,,,,,,,,,,,,,,,,,,,,,,,,,,,562098701,dc0c7f51-e6ec-48a9-a7cf-57302222392d,2025-09-19,,,submitted_via_web,,vAW8NdMgcmAyapkC7bYNq5,,316
2025-09-19,2025-09-19,14.179572 101.301399 12.968399505615235 39.974018328829985,14.179572,101.301399,12.96839951,39.97401833,Pak Phli,Khok Kruat,Moo 5,Yes,Yes,,Since 2020 or earlier,Female,Buddhist,5,1,No,,Yes,1,No,,,,,,,,,,,No,,,,,,,,,,,No,,,,,,,,,,,,,,,,,,,,,Barking/Howling/Crying Pee and poo,1,1,0,0,0,0,0,0,0,0,0,0,0,0,0,0,0,0,0,5,Neutral,Decreased,About the same,Decreased,Sterilized and vaccinated and returned,No,,,,,,,,,,,,,,,,,,,,,,,,,,,,,,,,,,,,,,,,562098781,bf40f81c-214d-4377-8339-1c2bd5b87020,2025-09-19,,,submitted_via_web,,vAW8NdMgcmAyapkC7bYNq5,,317
2025-09-19,2025-09-19,,,,,,Pak Phli,Khok Kruat,Moo 4,Yes,Yes,,Since 2020 or earlier,Male,Buddhist,2,0,No,,No,,No,,,,,,,,,,,No,,,,,,,,,,,Yes,Barking/Howling/Crying Pee and poo Make a mess of garbage,1,1,1,0,0,0,0,0,0,0,0,0,0,0,0,0,0,0,0,Barking/Howling/Crying Pee and poo Make a mess of garbage Damaged crops Concern for puppies,1,1,1,0,0,1,0,0,0,0,0,0,0,0,0,1,0,0,0,5,Neutral,No change,Don’t know,No change,Sterilized and vaccinated and returned,No,,,,,,,,,,,,,,,,,,,,,,,,,,,,,,,,,,,,,,,,562098810,c553c28b-92e0-41ee-a86a-b6ce6ef151fd,2025-09-19,,,submitted_via_web,,vAW8NdMgcmAyapkC7bYNq5,,318
2025-09-19,2025-09-19,14.17629 101.30202 -11.5 16.437999725341797,14.17629,101.30202,-11.5,16.43799973,Pak Phli,Khok Kruat,Moo 5,Yes,Yes,,Since 2020 or earlier,Female,Buddhist,3,0,No,,Yes,3,No,,,,,,,,,,,No,,,,,,,,,,,No,,,,,,,,,,,,,,,,,,,,,Chasing me or others,0,0,0,0,0,0,0,0,0,0,0,0,0,0,0,0,0,0,1,0,I am accepting/OK,Decreased,Fewer dogs now,Decreased,Sterilized and vaccinated and returned,No,,,,,,,,,,,,,,,,,,,,,,,,,,,,,,,,,,,,,,,,562099704,f99aad5e-c08a-4129-839c-3e6a9f314516,2025-09-19,,,submitted_via_web,,vAW8NdMgcmAyapkC7bYNq5,,319
2025-09-19,2025-09-19,14.179259 101.30124 13.42178479772373 39.99641565723709,14.179259,101.30124,13.4217848,39.99641566,Pak Phli,Khok Kruat,,Yes,Yes,,Since 2020 or earlier,Female,Buddhist,2,0,No,,No,,No,,,,,,,,,,,No,,,,,,,,,,,No,,,,,,,,,,,,,,,,,,,,,Barking/Howling/Crying Pee and poo Make a mess of garbage,1,1,1,0,0,0,0,0,0,0,0,0,0,0,0,0,0,0,0,5,Neutral,Decreased,Fewer dogs now,Decreased,Sterilized and vaccinated and returned,No,,,,,,,,,,,,,,,,,,,,,,,,,,,,,,,,,,,,,,,,562099855,20a5da21-d498-4584-8210-efc05c7febaa,2025-09-19,,,submitted_via_web,,vAW8NdMgcmAyapkC7bYNq5,,320
2025-09-19,2025-09-19,,,,,,Pak Phli,Khok Kruat,Moo 4,Yes,Yes,,Since 2020 or earlier,Female,Buddhist,2,0,No,,Yes,1,No,,,,,,,,,,,No,,,,,,,,,,,No,,,,,,,,,,,,,,,,,,,,,Barking/Howling/Crying Pee and poo,1,1,0,0,0,0,0,0,0,0,0,0,0,0,0,0,0,0,0,5,Neutral,No change,Don’t know,No change,Sterilized and vaccinated and returned,No,,,,,,,,,,,,,,,,,,,,,,,,,,,,,,,,,,,,,,,,562100005,a0fae65e-6148-4d79-bc15-d8f225c8dd63,2025-09-19,,,submitted_via_web,,vAW8NdMgcmAyapkC7bYNq5,,321
2025-09-19,2025-09-19,14.187898 101.295664 -16.299999237060547 4.199999809265137,14.187898,101.295664,-16.29999924,4.199999809,Pak Phli,Khok Kruat,Moo 2,Yes,Yes,,Since 2020 or earlier,Male,Buddhist,1,0,No,,Yes,3,No,,,,,,,,,,,No,,,,,,,,,,,Yes,Barking/Howling/Crying,1,0,0,0,0,0,0,0,0,0,0,0,0,0,0,0,0,0,0,Barking/Howling/Crying,1,0,0,0,0,0,0,0,0,0,0,0,0,0,0,0,0,0,0,0,I am accepting/OK,Decreased,Fewer dogs now,Decreased,Sterilized and vaccinated and returned,No,,,,,,,,,,,,,,,,,,,,,,,,,,,,,,,,,,,,,,,,562100475,379e47d0-6b9f-4092-bbaf-1060c2470c06,2025-09-19,,,submitted_via_web,,vAW8NdMgcmAyapkC7bYNq5,,322
2025-09-19,2025-09-19,14.182734 101.303384 16.09037208557129 39.98789997400331,14.182734,101.303384,16.09037209,39.98789997,Pak Phli,Khok Kruat,Moo 5,Yes,Yes,,Since 2020 or earlier,Female,Buddhist,2,1,No,,No,,No,,,,,,,,,,,No,,,,,,,,,,,No,,,,,,,,,,,,,,,,,,,,,Barking/Howling/Crying Pee and poo,1,1,0,0,0,0,0,0,0,0,0,0,0,0,0,0,0,0,0,2,Neutral,Decreased,Fewer dogs now,Decreased,Sterilized and vaccinated and returned,No,,,,,,,,,,,,,,,,,,,,,,,,,,,,,,,,,,,,,,,,562101611,ab7eef7d-c4d9-4cdf-827a-9dad2f3ea980,2025-09-19,,,submitted_via_web,,vAW8NdMgcmAyapkC7bYNq5,,323
2025-09-19,2025-09-19,14.183018 101.305072 -16.200000762939453 5.179999828338623,14.183018,101.305072,-16.20000076,5.179999828,Pak Phli,Khok Kruat,Moo 5,Yes,Yes,,Since 2020 or earlier,Male,Buddhist,2,1,No,,Yes,1,No,,,,,,,,,,,No,,,,,,,,,,,No,,,,,,,,,,,,,,,,,,,,,Chasing me or others,0,0,0,0,0,0,0,0,0,0,0,0,0,0,0,0,0,0,1,0,I am accepting/OK,Decreased,Fewer dogs now,Decreased,Rehomed as pets,No,,,,,,,,,,,,,,,,,,,,,,,,,,,,,,,,,,,,,,,,562102052,2815ef0d-2b42-4ed8-bdc6-8ea756c620a6,2025-09-19,,,submitted_via_web,,vAW8NdMgcmAyapkC7bYNq5,,324
2025-09-19,2025-09-19,14.182766 101.303833 16.09169578552246 39.99265646607008,14.182766,101.303833,16.09169579,39.99265647,Pak Phli,Khok Kruat,Moo 5,Yes,Yes,,Since 2020 or earlier,Male,Buddhist,2,0,No,,No,,No,,,,,,,,,,,No,,,,,,,,,,,No,,,,,,,,,,,,,,,,,,,,,Barking/Howling/Crying Pee and poo Make a mess of garbage,1,1,1,0,0,0,0,0,0,0,0,0,0,0,0,0,0,0,0,6,Neutral,Decreased,Fewer dogs now,Decreased,Sterilized and vaccinated and returned,No,,,,,,,,,,,,,,,,,,,,,,,,,,,,,,,,,,,,,,,,562102056,2fec7b68-c2e4-4477-8193-173db6a296e6,2025-09-19,,,submitted_via_web,,vAW8NdMgcmAyapkC7bYNq5,,325
2025-09-19,2025-09-19,14.182765 101.303831 16.09169578552246 39.992752308759314,14.182765,101.303831,16.09169579,39.99275231,Pak Phli,Khok Kruat,Moo 5,Yes,Yes,,Since 2020 or earlier,Female,Buddhist,2,0,No,,Yes,1,No,,,,,,,,,,,No,,,,,,,,,,,No,,,,,,,,,,,,,,,,,,,,,Barking/Howling/Crying Pee and poo Make a mess of garbage,1,1,1,0,0,0,0,0,0,0,0,0,0,0,0,0,0,0,0,4,Neutral,Increased,About the same,Increased,Sterilized and vaccinated and returned,No,,,,,,,,,,,,,,,,,,,,,,,,,,,,,,,,,,,,,,,,562102946,b62cd18c-101b-4347-bc74-8f17b4ffb742,2025-09-19,,,submitted_via_web,,vAW8NdMgcmAyapkC7bYNq5,,326
2025-09-19,2025-09-19,14.183017 101.305814 -16.200000762939453 9.809000015258789,14.183017,101.305814,-16.20000076,9.809000015,Pak Phli,Khok Kruat,Moo 5,Yes,Yes,,Since 2020 or earlier,Female,Buddhist,4,0,No,,Yes,1,No,,,,,,,,,,,No,,,,,,,,,,,No,,,,,,,,,,,,,,,,,,,,,Pee and poo Chase me on bike/motorbike,0,1,0,0,0,0,0,0,0,0,0,1,0,0,0,0,0,0,0,0,Neutral,Decreased,About the same,Decreased,Sterilized and vaccinated and returned,No,,,,,,,,,,,,,,,,,,,,,,,,,,,,,,,,,,,,,,,,562103142,7ea30457-fbf6-45d0-b9f7-13d846ba841d,2025-09-19,,,submitted_via_web,,vAW8NdMgcmAyapkC7bYNq5,,327
2025-09-19,2025-09-19,14.183654 101.300665 14.940732955932617 3.080992690034292,14.183654,101.300665,14.94073296,3.08099269,Pak Phli,Khok Kruat,Moo 5,Yes,Yes,,Since 2020 or earlier,Male,Buddhist,3,1,No,,No,,No,,,,,,,,,,,No,,,,,,,,,,,No,,,,,,,,,,,,,,,,,,,,,Barking/Howling/Crying Pee and poo Make a mess of garbage,1,1,1,0,0,0,0,0,0,0,0,0,0,0,0,0,0,0,0,4,Neutral,Decreased,About the same,Decreased,Sterilized and vaccinated and returned,No,,,,,,,,,,,,,,,,,,,,,,,,,,,,,,,,,,,,,,,,562104564,31360ac8-0a0f-4761-bc52-33d1c93d8ce9,2025-09-19,,,submitted_via_web,,vAW8NdMgcmAyapkC7bYNq5,,328
2025-09-19,2025-09-19,14.183578 101.300171 -15.899999618530273 5.244999885559082,14.183578,101.300171,-15.89999962,5.244999886,Pak Phli,Khok Kruat,Moo 5,Yes,Yes,,Since 2020 or earlier,Female,Buddhist,2,2,No,,Yes,3,No,,,,,,,,,,,No,,,,,,,,,,,No,,,,,,,,,,,,,,,,,,,,,Barking/Howling/Crying Make a mess of garbage Chase me on bike/motorbike,1,0,1,0,0,0,0,0,0,0,0,1,0,0,0,0,0,0,0,0,I am happy,Decreased,Fewer dogs now,Decreased,Sterilized and vaccinated and returned,No,,,,,,,,,,,,,,,,,,,,,,,,,,,,,,,,,,,,,,,,562105704,f45e7c0b-ea3e-45b1-93a3-dad420c1c68d,2025-09-19,,,submitted_via_web,,vAW8NdMgcmAyapkC7bYNq5,,329
2025-09-19,2025-09-19,14.183456 101.300427 -16.900000000000002 36.900001525878906,14.183456,101.300427,-16.9,36.90000153,Pak Phli,Khok Kruat,,Yes,Yes,,Since 2020 or earlier,Female,Buddhist,3,0,No,,No,,No,,,,,,,,,,,No,,,,,,,,,,,No,,,,,,,,,,,,,,,,,,,,,Pee and poo,0,1,0,0,0,0,0,0,0,0,0,0,0,0,0,0,0,0,0,0,Neutral,No change,Don’t know,No change,Move them away,No,,,,,,,,,,,,,,,,,,,,,,,,,,,,,,,,,,,,,,,,562105980,c4cd284b-b293-4081-976d-96f1b2eeed51,2025-09-19,,,submitted_via_web,,vAW8NdMgcmAyapkC7bYNq5,,330
